wave,line
6138.239,1.26E-01
6138.265,1.26E-01
6138.466,3.36E-01
6138.502,3.36E-01
6139.309,6.48E-02
6139.357,6.48E-02
6140.558,3.46E-02
6140.562,3.46E-02
6140.666,1.55E-01
6140.702,1.55E-01
6140.892,1.95E-02
6140.944,1.95E-02
6141.146,6.51E-01
6141.184,6.51E-01
6145.068,2.73E-01
6145.081,2.73E-01
6145.347,4.52E-03
6145.392,4.52E-03
6145.467,7.47E-03
6145.493,7.47E-03
6146.163,8.15E-01
6146.192,8.15E-01
6152.619,2.77E-01
6152.637,2.77E-01
6152.639,7.59E-04
6152.669,7.59E-04
6153.035,1.27E-03
6153.1,1.27E-03
6162.759,1.07E-04
6162.765,1.07E-04
6163.317,1.72E-04
6163.428,1.72E-04
6171.228,2.29E-01
6171.242,2.29E-01
6172.342,2.06E+00
6172.35,2.06E+00
6175.691,1.09E-05
6175.718,1.09E-05
6175.891,5.93E-02
6175.913,5.93E-02
6176.359,1.69E-05
6176.525,1.69E-05
6177.982,7.47E-01
6178.009,7.47E-01
6183.553,3.21E-02
6183.57,3.21E-02
6186.091,2.61E-01
6186.147,2.61E-01
6191.474,9.50E-07
6191.54,9.50E-07
6192.212,1.28E-06
6192.44,1.28E-06
6194.109,9.09E-03
6194.111,9.09E-03
6194.624,4.44E-01
6194.677,4.44E-01
6196.773,6.30E-02
6196.869,6.30E-02
6204.404,1.53E+00
6204.468,1.53E+00
6207.472,3.81E-03
6207.494,3.81E-03
6210.11,1.57E-02
6210.149,5.78E-08
6210.253,1.57E-02
6210.263,5.78E-08
6210.927,8.56E-08
6211.226,8.56E-08
6214.764,5.54E-01
6214.79,5.54E-01
6223.431,1.56E+00
6223.553,1.56E+00
6223.625,1.22E-03
6223.681,1.22E-03
6226.159,2.31E-03
6226.357,2.31E-03
6231.766,2.61E-09
6231.933,2.61E-09
6232.564,3.80E-09
6232.938,3.80E-09
6237.731,4.33E-01
6237.748,4.33E-01
6242.577,0.00E+00
6242.672,0.00E+00
6244.972,5.33E-04
6245.234,5.33E-04
6245.273,1.09E+00
6245.465,1.09E+00
6256.381,8.08E-11
6256.608,8.08E-11
6257.186,1.16E-10
6257.642,1.16E-10
6263.453,2.36E-01
6263.524,2.36E-01
6264.351,0.00E+00
6264.494,0.00E+00
6266.599,9.80E-05
6266.932,9.80E-05
6270.003,5.25E-01
6270.273,5.25E-01
6284.062,2.27E-12
6284.354,2.27E-12
6284.865,3.21E-12
6285.407,3.21E-12
6288.986,0.00E+00
6289.186,0.00E+00
6291.091,1.44E-05
6291.502,1.44E-05
6291.967,9.92E-02
6292.101,9.92E-02
6297.67,1.97E-01
6298.025,1.97E-01
6314.884,3.92E-14
6315.244,3.92E-14
6316.536,0.00E+00
6316.798,0.00E+00
6318.504,0.00E+00
6319.003,0.00E+00
6323.32,3.05E-02
6323.523,3.05E-02
6328.315,5.53E-02
6328.763,5.53E-02
6347.059,0.00E+00
6347.392,0.00E+00
6348.903,0.00E+00
6349.496,0.00E+00
6357.577,7.23E-03
6357.856,7.23E-03
6361.986,1.23E-02
6362.533,1.23E-02
6380.626,0.00E+00
6381.037,0.00E+00
6382.356,0.00E+00
6383.051,0.00E+00
6394.811,1.34E-03
6395.173,1.34E-03
6398.737,2.16E-03
6399.39,2.16E-03
6417.317,0.00E+00
6417.812,0.00E+00
6418.943,0.00E+00
6419.746,0.00E+00
6435.106,1.96E-04
6435.559,1.96E-04
6438.629,3.16E-04
6439.398,3.16E-04
6457.217,0.00E+00
6457.802,0.00E+00
6458.751,0.00E+00
6459.668,0.00E+00
6465.292,2.31E-01
6465.324,2.31E-01
6465.579,8.55E-02
6465.596,8.55E-02
6466.657,4.37E-02
6466.708,4.37E-02
6467.615,1.05E-01
6467.653,1.05E-01
6467.722,4.29E-01
6467.758,4.29E-01
6468.676,2.67E-02
6468.685,2.67E-02
6468.947,1.40E-02
6469,1.40E-02
6471.926,1.78E-01
6471.94,1.78E-01
6472.748,5.20E-01
6472.776,5.20E-01
6474.417,3.47E-03
6474.462,3.47E-03
6474.644,5.76E-03
6474.689,5.76E-03
6478.552,2.17E-05
6479.103,2.17E-05
6479.692,1.88E-01
6479.709,1.88E-01
6481.737,3.38E-05
6482.629,3.38E-05
6483.034,6.79E-04
6483.061,6.79E-04
6483.566,1.06E-03
6483.658,1.06E-03
6494.794,9.67E-05
6494.795,9.67E-05
6495.502,1.57E-04
6495.651,1.57E-04
6499.313,1.51E-01
6499.33,1.51E-01
6500.426,0.00E+00
6500.521,1.43E+00
6500.529,1.43E+00
6501.106,0.00E+00
6501.876,0.00E+00
6502.912,0.00E+00
6504.443,5.01E-02
6504.468,5.01E-02
6506.778,5.20E-01
6506.807,5.20E-01
6509.679,1.19E-05
6509.718,1.19E-05
6510.513,1.86E-05
6510.729,1.86E-05
6512.883,2.09E-02
6512.904,2.09E-02
6515.76,1.72E-01
6515.822,1.72E-01
6524.198,3.21E-01
6524.257,3.21E-01
6524.529,6.18E-03
6524.534,6.18E-03
6525.244,1.90E-06
6525.9,1.90E-06
6527.583,5.78E-02
6527.689,5.78E-02
6527.753,1.17E-06
6527.837,1.17E-06
6528.143,2.88E-06
6528.66,1.58E-06
6528.952,1.58E-06
6529.167,2.88E-06
6534.815,1.10E+00
6534.881,1.10E+00
6539.293,2.73E-03
6539.314,2.73E-03
6542.339,1.71E-02
6542.499,1.71E-02
6545.814,4.26E-01
6545.846,4.26E-01
6547.052,0.00E+00
6547.83,0.00E+00
6549.065,8.07E-08
6549.203,8.07E-08
6550.01,1.20E-07
6550.388,1.20E-07
6555.363,1.21E+00
6555.491,1.21E+00
6557.154,9.31E-04
6557.212,9.31E-04
6560.098,3.56E-03
6560.321,3.56E-03
6570.587,3.56E-01
6570.6,3.56E-01
6573.678,5.03E-09
6573.878,5.03E-09
6574.639,7.35E-09
6575.11,7.35E-09
6575.287,1.32E-07
6576.055,1.32E-07
6577.943,1.96E-07
6578.125,0.00E+00
6578.228,0.00E+00
6579,8.87E-01
6579.106,1.96E-07
6579.203,8.87E-01
6580.923,4.43E-04
6581.218,4.43E-04
6598.43,2.10E-01
6598.501,2.10E-01
6601.668,2.50E-10
6601.938,2.50E-10
6602.239,0.00E+00
6602.396,0.00E+00
6602.628,3.60E-10
6603.202,3.60E-10
6604.875,8.86E-05
6605.252,8.86E-05
6605.814,4.62E-01
6606.103,4.62E-01
6628.793,7.32E-09
6629.386,9.57E-02
6629.524,9.57E-02
6629.545,0.00E+00
6629.682,7.32E-09
6629.763,0.00E+00
6631.241,1.06E-08
6632.019,1.43E-05
6632.487,1.43E-05
6632.552,1.06E-08
6633.124,9.88E-12
6633.468,9.88E-12
6634.072,1.40E-11
6634.754,1.40E-11
6635.87,1.88E-01
6636.253,1.88E-01
6660.107,0.00E+00
6660.395,0.00E+00
6662.425,1.86E-06
6662.995,1.86E-06
6663.504,3.26E-02
6663.717,3.26E-02
6668.144,3.04E-13
6668.567,3.04E-13
6669.225,6.05E-02
6669.71,6.05E-02
6685.887,3.23E-10
6686.903,3.23E-10
6688.156,4.63E-10
6689.621,4.63E-10
6694,0.00E+00
6694.367,0.00E+00
6696.173,0.00E+00
6696.854,0.00E+00
6700.857,8.68E-03
6701.153,8.68E-03
6705.937,1.55E-02
6706.534,1.55E-02
6731.313,0.00E+00
6731.767,0.00E+00
6733.352,0.00E+00
6734.152,0.00E+00
6741.534,1.88E-03
6741.92,1.88E-03
6746.077,3.10E-03
6746.704,1.13E-11
6746.794,3.10E-03
6747.852,1.13E-11
6748.818,1.60E-11
6750.441,1.60E-11
6772.145,0.00E+00
6772.693,0.00E+00
6774.06,0.00E+00
6774.99,0.00E+00
6785.63,3.16E-04
6786.116,3.16E-04
6789.723,5.14E-04
6790.57,5.14E-04
6811.39,3.14E-13
6812.673,3.14E-13
6816.607,0.00E+00
6817.257,0.00E+00
6818.408,0.00E+00
6819.476,0.00E+00
6829.33,5.81E-01
6829.356,5.81E-01
6830.351,2.42E-01
6830.357,2.42E-01
6831.359,1.03E+00
6831.392,1.03E+00
6831.42,1.21E-01
6831.478,1.21E-01
6831.785,2.63E-01
6831.829,2.63E-01
6833.254,4.28E-05
6833.847,4.28E-05
6834.507,7.92E-02
6834.533,7.92E-02
6834.688,4.24E-02
6834.746,4.24E-02
6835.885,4.20E-01
6835.903,4.20E-01
6836.306,1.19E+00
6836.333,1.19E+00
6836.965,6.71E-05
6837.954,6.71E-05
6841.522,1.15E-02
6841.569,1.15E-02
6841.899,2.05E-02
6841.97,2.05E-02
6843.825,4.22E-01
6843.84,4.22E-01
6851.895,2.56E-03
6851.918,2.56E-03
6852.613,4.30E-03
6852.741,4.30E-03
6864.564,3.29E-01
6864.583,3.29E-01
6864.824,0.00E+00
6865.582,0.00E+00
6865.801,4.47E-04
6865.811,4.47E-04
6865.844,3.07E+00
6865.853,3.07E+00
6866.521,0.00E+00
6866.725,7.33E-04
6866.921,7.33E-04
6867.734,0.00E+00
6870.272,1.06E-01
6870.302,1.06E-01
6872.874,1.16E+00
6872.906,1.16E+00
6879.68,4.20E-02
6879.707,4.20E-02
6882.949,4.26E-01
6883.018,4.26E-01
6883.245,6.46E-05
6883.3,6.46E-05
6884.31,1.02E-04
6884.522,4.67E-06
6884.587,1.02E-04
6885.232,4.67E-06
6887.908,7.13E-06
6889.048,7.13E-06
6891.156,6.80E-01
6891.221,6.80E-01
6892.683,1.72E-02
6892.694,1.72E-02
6896.201,1.33E-01
6896.319,1.33E-01
6902.703,2.31E+00
6902.771,2.31E+00
6904.303,7.62E-06
6904.412,7.62E-06
6905.45,1.15E-05
6905.818,1.15E-05
6909.195,6.03E-03
6909.213,6.03E-03
6912.733,3.82E-02
6912.913,3.82E-02
6914.51,9.17E-01
6914.549,9.17E-01
6916.936,0.00E+00
6917.805,0.00E+00
6925.062,2.66E+00
6925.197,2.66E+00
6929.042,7.21E-07
6929.187,1.46E-03
6929.217,7.21E-07
6929.246,1.46E-03
6930.232,1.08E-06
6930.703,1.08E-06
6932.634,8.48E-03
6932.887,8.48E-03
6939.564,4.27E-07
6940.398,4.27E-07
6941.432,7.90E-01
6941.439,7.90E-01
6942.67,6.19E-07
6943.972,6.19E-07
6950.853,1.99E+00
6951.069,1.99E+00
6952.686,4.20E-04
6952.795,4.20E-04
6955.982,1.90E-03
6956.318,1.90E-03
6957.551,5.75E-08
6957.8,5.75E-08
6958.756,8.26E-08
6959.341,8.26E-08
6971.818,4.91E-01
6971.886,4.91E-01
6979.732,9.64E-05
6979.902,9.64E-05
6980.183,1.10E+00
6980.494,1.10E+00
6982.854,3.30E-04
6983.285,3.30E-04
6989.931,3.71E-09
6990.261,3.71E-09
6991.134,5.36E-09
6991.842,5.36E-09
6998.519,3.10E-08
6999.486,3.10E-08
7001.383,4.41E-08
7002.857,4.41E-08
7005.72,2.35E-01
7005.859,2.35E-01
7010.391,8.94E-06
7010.63,8.94E-06
7013.136,4.80E-01
7013.334,4.40E-05
7013.552,4.80E-01
7013.871,4.40E-05
7026.3,2.04E-10
7026.72,2.04E-10
7027.489,2.91E-10
7028.329,2.91E-10
7043.193,8.77E-02
7043.415,8.77E-02
7044.743,1.35E-06
7045.063,1.35E-06
7047.513,4.26E-06
7048.168,4.26E-06
7049.789,1.65E-01
7050.32,1.65E-01
7061.541,1.85E-09
7062.649,1.85E-09
7064.194,2.66E-09
7065.85,2.66E-09
7066.795,9.40E-12
7067.31,9.40E-12
7082.887,1.66E-07
7083.298,1.66E-07
7084.322,2.58E-02
7084.635,2.58E-02
7085.494,5.10E-07
7086.278,5.10E-07
7090.22,4.59E-02
7090.877,4.59E-02
7124.937,1.68E-08
7125.448,1.68E-08
7127.392,5.03E-08
7128.317,5.03E-08
7128.8,9.13E-11
7129.213,6.08E-03
7129.626,6.08E-03
7130.056,9.13E-11
7131.269,1.30E-10
7133.114,1.30E-10
7134.519,1.03E-02
7135.312,1.03E-02
7171.022,1.40E-09
7171.642,1.40E-09
7173.336,4.13E-09
7174.414,4.13E-09
7177.982,1.16E-03
7178.506,1.16E-03
7182.788,1.89E-03
7183.729,1.89E-03
7200.484,3.74E-12
7201.893,3.74E-12
7221.289,9.76E-11
7222.026,9.76E-11
7223.473,1.41E-10
7224.714,1.41E-10
7230.765,1.80E-04
7231.409,1.80E-04
7235.143,2.83E-04
7236.246,2.83E-04
7240.766,1.43E+00
7240.782,1.43E+00
7242.161,2.41E+00
7242.189,2.41E+00
7242.838,6.41E-01
7242.849,6.41E-01
7243.374,6.39E-01
7243.429,6.39E-01
7243.896,3.14E-01
7243.964,3.14E-01
7246.891,2.66E+00
7246.916,2.66E+00
7247.079,9.64E-01
7247.107,9.64E-01
7248.485,2.26E-01
7248.539,2.26E-01
7248.545,1.19E-01
7248.612,1.19E-01
7255.121,9.39E-01
7255.13,9.39E-01
7257.26,3.58E-02
7257.312,3.58E-02
7257.834,6.38E-02
7257.945,6.38E-02
7270.023,8.62E-03
7270.046,8.62E-03
7270.986,1.47E-02
7271.167,1.47E-02
7275.901,5.67E-12
7276.765,5.67E-12
7277.1,6.95E-01
7277.125,6.95E-01
7277.967,8.09E-12
7278.405,6.54E+00
7278.415,6.54E+00
7279.38,8.09E-12
7283.549,2.21E-01
7283.588,2.21E-01
7286.428,2.56E+00
7286.464,2.56E+00
7286.833,1.69E-03
7286.853,1.69E-03
7287.706,2.29E-05
7288.038,2.68E-03
7288.305,2.68E-03
7288.481,2.29E-05
7291.718,3.49E-05
7292.995,3.49E-05
7294.195,9.59E-02
7294.234,9.59E-02
7297.911,9.66E-01
7297.988,9.66E-01
7305.691,1.43E+00
7305.766,1.43E+00
7307.724,2.61E-04
7307.798,2.61E-04
7308.936,3.70E-02
7308.958,3.70E-02
7309.091,4.12E-04
7309.457,4.12E-04
7313,3.25E-01
7313.136,3.25E-01
7318.262,4.83E+00
7318.334,4.83E+00
7327.694,1.37E-02
7327.704,1.37E-02
7331.142,1.94E+00
7331.192,1.94E+00
7331.822,9.43E-02
7332.03,9.43E-02
7332.793,3.44E-05
7332.936,3.44E-05
7334.255,5.30E-05
7334.736,5.30E-05
7335.045,2.77E-13
7336.04,2.77E-13
7342.835,5.66E+00
7342.979,5.66E+00
7348.968,2.37E-06
7349.885,2.37E-06
7350.427,4.14E-03
7350.481,4.14E-03
7352.666,3.52E-06
7354.129,3.52E-06
7354.485,2.43E-02
7354.779,2.43E-02
7360.684,1.70E+00
7360.688,1.70E+00
7362.142,3.75E-06
7362.364,3.75E-06
7363.652,5.59E-06
7364.262,5.59E-06
7371.278,4.31E+00
7371.513,4.31E+00
7377.18,1.10E-03
7377.292,1.10E-03
7381.09,5.04E-03
7381.483,5.04E-03
7394.205,1.10E+00
7394.264,1.10E+00
7395.891,3.39E-07
7396.208,3.39E-07
7397.42,4.98E-07
7398.175,4.98E-07
7403.727,2.48E+00
7404.067,2.48E+00
7408.012,2.31E-04
7408.194,2.31E-04
7411.74,9.58E-04
7412.245,9.58E-04
7414.732,2.04E-07
7415.801,2.04E-07
7418.155,2.97E-07
7419.819,2.97E-07
7431.758,5.46E-01
7431.896,5.46E-01
7434.187,2.56E-08
7434.611,2.56E-08
7435.713,3.69E-08
7436.629,3.69E-08
7440.292,1.13E+00
7440.751,1.13E+00
7443.011,3.78E-05
7443.273,3.78E-05
7446.546,1.41E-04
7447.176,1.41E-04
7463.261,8.88E-02
7463.326,8.88E-02
7464.44,3.45E-01
7464.52,3.45E-01
7464.598,4.91E-02
7464.687,4.91E-02
7465.177,1.78E-02
7465.216,1.78E-02
7465.772,1.05E-02
7465.863,1.05E-02
7466.886,1.75E-01
7466.962,1.75E-01
7468.626,9.70E-01
7468.708,9.70E-01
7470.254,2.79E-03
7470.257,2.79E-03
7470.348,1.67E-03
7470.431,1.67E-03
7472.74,4.52E-01
7472.789,4.52E-01
7473.417,2.15E-01
7473.644,2.15E-01
7475.7,2.02E+00
7475.772,2.02E+00
7477.201,1.62E-09
7477.744,1.62E-09
7478.3,2.05E-04
7478.364,2.05E-04
7478.506,2.38E-04
7478.55,2.38E-04
7478.708,2.32E-09
7479.802,2.32E-09
7481.074,4.11E-01
7481.665,4.11E-01
7482.285,4.78E-06
7482.307,8.31E-01
7482.318,8.31E-01
7482.642,4.78E-06
7485.196,1.44E-08
7485.512,2.51E+00
7485.562,2.51E+00
7485.629,1.78E-05
7486.4,1.78E-05
7486.426,1.44E-08
7488.38,2.09E-08
7489.627,1.43E-05
7489.662,1.43E-05
7490.016,2.21E-05
7490.115,2.21E-05
7490.256,2.09E-08
7495.716,9.28E-01
7495.75,9.28E-01
7504.342,1.06E-06
7504.345,1.06E-06
7504.836,1.46E-06
7505.001,1.46E-06
7519.282,6.77E-02
7519.61,6.77E-02
7522.436,5.50E-08
7522.486,5.50E-08
7523.023,8.09E-08
7523.261,8.09E-08
7524.723,7.55E-01
7524.739,7.55E-01
7525.125,8.76E-11
7525.803,8.76E-11
7525.967,6.65E-07
7526.061,6.88E+00
7526.07,6.88E+00
7526.183,1.22E-01
7526.43,6.65E-07
7526.917,1.22E-01
7529.129,2.06E-06
7530.056,2.06E-06
7530.294,2.24E-01
7530.318,2.24E-01
7532.771,2.40E+00
7532.802,2.40E+00
7539.44,7.55E-02
7539.459,7.55E-02
7542.424,7.42E-01
7542.491,7.42E-01
7543.988,2.36E-09
7544.092,2.36E-09
7544.636,3.42E-09
7544.954,3.42E-09
7552.034,2.74E-02
7552.034,2.74E-02
7555.148,2.19E-01
7555.261,2.19E-01
7559.535,1.53E+00
7559.61,1.53E+00
7560.581,8.56E-10
7561.981,8.56E-10
7563.554,1.22E-09
7565.655,1.22E-09
7567.962,5.46E-03
7567.992,5.46E-03
7569.053,9.01E-11
7569.217,9.01E-11
7569.485,1.73E-02
7569.738,1.29E-10
7569.925,1.73E-02
7570.142,1.29E-10
7571.035,4.45E-02
7571.204,4.45E-02
7573.784,5.13E+00
7573.876,5.13E+00
7574.211,7.71E-08
7574.794,7.71E-08
7575.736,2.95E-02
7576.627,2.95E-02
7577.202,1.94E-07
7578.301,1.94E-07
7587.213,1.64E-03
7587.281,1.64E-03
7588.166,1.92E+00
7588.197,1.92E+00
7590.152,9.19E-03
7590.387,9.19E-03
7597.696,2.16E-12
7597.923,2.16E-12
7598.401,3.05E-12
7598.895,3.05E-12
7600.448,5.34E+00
7600.622,5.34E+00
7609.789,3.76E-04
7609.905,3.76E-04
7612.56,1.32E-03
7612.869,1.32E-03
7620.131,1.46E+00
7620.164,1.46E+00
7624.176,3.59E-03
7624.74,3.59E-03
7627.193,4.98E-09
7627.91,4.98E-09
7629.871,5.75E-03
7629.99,4.75E-14
7630.023,1.47E-08
7630.283,4.75E-14
7630.589,3.51E+00
7630.858,3.51E+00
7630.934,5.75E-03
7631.314,1.47E-08
7635.717,6.70E-05
7635.891,6.70E-05
7638.311,2.23E-04
7638.704,2.23E-04
7641.133,4.29E-11
7642.709,4.29E-11
7655.365,7.81E-01
7655.475,7.81E-01
7664.284,1.69E+00
7664.658,1.69E+00
7665.044,9.32E-06
7665.282,9.32E-06
7667.466,1.49E-05
7667.951,1.49E-05
7683.524,5.99E-04
7684.226,5.99E-04
7685.114,4.06E-10
7685.981,4.06E-10
7687.796,1.18E-09
7688.742,9.46E-04
7689.298,1.18E-09
7689.994,9.46E-04
7693.93,3.06E-01
7694.126,3.06E-01
7697.825,0.00E+00
7698.137,0.00E+00
7700.085,1.58E-06
7700.673,1.58E-06
7701.58,6.01E-01
7702.066,6.01E-01
7714.329,2.24E+00
7714.331,2.24E+00
7714.728,3.61E+00
7714.749,3.61E+00
7717.134,9.87E-01
7717.209,9.87E-01
7717.948,1.06E+00
7717.983,1.06E+00
7718.998,5.12E-01
7719.016,3.80E+00
7719.039,3.80E+00
7719.087,5.12E-01
7720.152,1.43E+00
7720.196,1.43E+00
7725.65,2.08E-01
7725.736,2.08E-01
7725.75,4.00E-01
7725.84,4.00E-01
7728.167,1.34E+00
7728.167,1.34E+00
7734.129,0.00E+00
7734.523,0.00E+00
7735.901,9.00E-02
7736.191,9.00E-02
7736.241,1.33E-07
7736.939,1.33E-07
7737.042,6.78E-02
7737.106,6.78E-02
7737.876,1.23E-01
7738.039,1.23E-01
7742.52,1.65E-01
7743.126,1.65E-01
7747.723,8.41E-05
7748.203,2.80E-11
7748.576,8.41E-05
7749.237,2.80E-11
7750.748,6.01E-11
7751.541,9.67E-01
7751.574,9.67E-01
7752.481,6.01E-11
7752.53,1.30E-04
7752.768,9.12E+00
7752.779,9.12E+00
7753.168,1.79E-02
7753.196,1.79E-02
7753.987,1.30E-04
7754.456,3.09E-02
7754.709,3.09E-02
7758.967,3.09E-01
7759.021,3.09E-01
7762.111,3.67E+00
7762.152,3.67E+00
7771.25,1.35E-01
7771.307,1.35E-01
7774.034,0.00E+00
7774.049,3.90E-03
7774.074,3.90E-03
7774.518,0.00E+00
7775.465,1.43E+00
7775.555,1.43E+00
7775.622,6.49E-03
7775.981,6.49E-03
7776.01,0.00E+00
7776.827,0.00E+00
7781.37,2.03E-02
7781.761,2.03E-02
7782.529,1.98E+00
7782.616,1.98E+00
7787.152,3.49E-02
7787.888,3.49E-02
7788.29,5.69E-02
7788.332,5.69E-02
7793.001,5.02E-01
7793.159,5.02E-01
7796.218,6.67E+00
7796.294,6.67E+00
7799.744,7.13E-04
7799.838,7.13E-04
7801.512,1.13E-03
7801.995,1.13E-03
7810.028,2.14E-02
7810.036,2.14E-02
7810.581,2.73E+00
7810.65,2.73E+00
7814.875,1.54E-01
7815.119,1.54E-01
7816.718,1.64E-12
7816.984,9.82E-06
7817.625,0.00E+00
7817.937,1.64E-12
7818.005,9.82E-06
7818.207,0.00E+00
7819.478,0.00E+00
7820.421,0.00E+00
7821.436,1.48E-05
7823.12,1.48E-05
7823.578,7.95E+00
7823.732,7.95E+00
7830.396,1.07E-04
7830.438,3.55E-03
7830.573,1.07E-04
7830.938,3.55E-03
7832.279,1.66E-04
7832.903,1.66E-04
7835.539,5.79E-03
7836.412,5.79E-03
7836.414,6.92E-03
7836.457,6.92E-03
7841.225,4.22E-02
7841.572,4.22E-02
7843.411,2.45E+00
7843.436,2.45E+00
7851.28,3.02E-01
7851.333,3.02E-01
7851.848,1.04E+00
7851.921,1.04E+00
7852.639,1.63E-01
7852.732,1.63E-01
7854.118,6.77E-02
7854.139,6.77E-02
7854.428,5.23E-01
7854.509,5.23E-01
7854.656,3.92E-02
7854.75,3.92E-02
7855.393,6.24E+00
7855.648,6.24E+00
7855.726,2.73E+00
7855.804,2.73E+00
7860.128,1.25E+00
7860.183,1.25E+00
7860.417,1.21E-02
7860.421,7.30E-03
7860.44,1.21E-02
7860.501,7.30E-03
7862.785,5.25E+00
7862.856,5.25E+00
7865,0.00E+00
7865.686,0.00E+00
7866.148,1.36E-05
7866.425,1.36E-05
7866.743,0.00E+00
7867.51,1.83E-03
7867.619,1.83E-03
7867.818,0.00E+00
7868.094,2.05E-05
7868.878,2.05E-05
7869.888,2.15E+00
7869.902,2.15E+00
7869.911,1.07E-03
7869.967,1.07E-03
7870.234,1.72E-03
7870.312,1.72E-03
7872.188,9.56E-03
7872.653,9.56E-03
7872.871,6.31E+00
7872.921,6.31E+00
7880.929,1.64E+00
7880.971,1.64E+00
7883.132,1.26E-04
7883.152,1.26E-04
7883.212,4.75E-04
7883.654,1.94E-04
7883.799,1.94E-04
7883.83,4.75E-04
7883.834,2.29E+00
7883.867,2.29E+00
7887.753,6.25E-04
7888.774,6.25E-04
7891.55,9.56E-07
7891.834,3.74E+00
7892.209,3.74E+00
7892.755,9.56E-07
7895.689,1.41E-06
7897.623,1.41E-06
7900.082,1.16E-05
7900.108,1.16E-05
7900.742,1.74E-05
7900.963,1.74E-05
7903.409,4.14E-04
7903.599,4.14E-04
7907.177,1.45E-06
7907.569,1.45E-06
7907.903,1.93E-03
7908.503,1.93E-03
7909.15,2.14E-06
7910.112,2.14E-06
7914.418,1.79E+00
7914.438,1.79E+00
7915.88,1.66E+01
7915.89,1.66E+01
7916.267,0.00E+00
7917.059,0.00E+00
7917.909,0.00E+00
7919.12,0.00E+00
7920.513,5.54E-01
7920.542,5.54E-01
7920.803,8.59E-07
7920.884,8.59E-07
7921.567,1.27E-06
7921.874,1.27E-06
7923.161,8.60E-01
7923.281,6.04E+00
7923.286,8.60E-01
7923.315,6.04E+00
7930.532,2.25E-01
7930.557,2.25E-01
7933.049,1.79E+00
7933.561,1.79E+00
7933.913,2.04E+00
7933.986,2.04E+00
7939.806,4.18E-05
7940.549,4.18E-05
7943.883,6.46E-05
7944.233,8.38E-05
7944.349,8.18E-02
7944.354,8.18E-02
7944.518,8.38E-05
7945.06,6.46E-05
7945.372,5.18E-08
7945.518,5.18E-08
7946.204,7.45E-08
7946.604,7.45E-08
7947.915,6.09E-01
7948.04,6.09E-01
7948.523,3.33E-04
7949.275,3.33E-04
7951.349,3.68E+00
7951.432,3.68E+00
7953.688,1.31E-07
7954.212,1.31E-07
7955.665,1.90E-07
7956.824,1.90E-07
7961.849,2.29E-02
7961.876,2.29E-02
7965.39,1.49E-01
7965.579,1.49E-01
7966.793,1.24E+01
7966.889,1.24E+01
7970.216,3.60E-01
7970.44,3.60E-01
7971.542,0.00E+00
7971.687,7.81E-08
7972.442,0.00E+00
7973.096,7.81E-08
7973.862,2.50E-09
7974.08,2.50E-09
7974.737,3.55E-09
7975.238,3.55E-09
7975.553,1.13E-07
7977.76,1.13E-07
7979.181,6.95E-01
7979.844,6.95E-01
7981.943,4.73E+00
7981.983,4.73E+00
7983.011,6.09E-03
7983.082,6.09E-03
7986.422,3.00E-02
7986.684,3.00E-02
7990.133,1.39E-05
7990.53,1.39E-05
7994.218,4.81E-05
7995.14,4.81E-05
7995.439,1.35E+01
7995.622,1.35E+01
8000.337,3.54E-06
8001.216,3.54E-06
8004.025,5.19E-06
8005.37,5.19E-06
8005.922,1.01E-08
8006.36,9.86E-11
8006.594,1.01E-08
8006.654,9.86E-11
8007.261,1.40E-10
8007.847,1.21E-03
8007.866,1.40E-10
8007.886,1.45E-08
8007.971,1.21E-03
8009.264,1.45E-08
8011.079,5.33E-03
8011.426,5.33E-03
8016.25,3.78E+00
8016.276,3.78E+00
8022.229,1.22E-01
8022.567,1.22E-01
8027.875,9.29E+00
8028.16,9.29E+00
8030.377,2.22E-01
8031.209,2.22E-01
8036.39,1.75E-04
8036.578,1.75E-04
8039.43,7.84E-04
8039.871,7.84E-04
8041.294,1.89E-06
8041.818,1.89E-06
8042.962,3.21E-12
8043.336,3.21E-12
8045.179,6.41E-06
8046.291,6.41E-06
8054.18,2.15E+00
8054.289,2.15E+00
8057.696,5.40E-09
8059.331,5.40E-09
8061.32,7.69E-09
8063.828,7.69E-09
8064.152,6.70E-10
8064.196,4.68E+00
8064.594,4.68E+00
8064.935,2.32E-07
8064.991,6.70E-10
8065.958,2.32E-07
8068.294,3.42E-07
8068.696,2.68E-05
8068.958,2.68E-05
8069.814,3.42E-07
8071.546,8.62E-05
8072.092,8.62E-05
8079.368,3.40E-02
8079.834,3.40E-02
8086.806,5.86E-02
8087.823,5.86E-02
8095.805,9.12E-01
8096.005,9.12E-01
8097.927,2.11E-07
8098.595,2.11E-07
8101.624,7.06E-07
8102.945,7.06E-07
8104.467,1.81E+00
8104.834,2.17E-06
8104.989,1.81E+00
8105.18,2.17E-06
8107.506,8.44E-06
8108.167,8.44E-06
8133.736,1.25E-08
8134.909,1.25E-08
8136.814,1.76E-08
8138.52,1.76E-08
8141.2,2.95E-01
8141.502,2.95E-01
8141.831,7.77E-03
8142.44,7.77E-03
8144.889,2.11E-07
8145.328,2.11E-07
8147.395,6.39E-07
8148.182,6.39E-07
8148.654,1.30E-02
8148.748,5.44E-01
8149.402,5.44E-01
8149.875,1.30E-02
8149.916,3.15E-10
8151.801,3.15E-10
8160.277,2.38E-08
8161.108,2.38E-08
8163.799,6.40E-08
8165.352,6.40E-08
8188.956,1.65E-08
8189.498,1.65E-08
8190.467,7.41E-02
8190.881,7.41E-02
8191.311,3.67E-08
8192.232,3.67E-08
8197.102,1.29E-01
8197.898,1.29E-01
8206.887,5.26E-10
8208.218,5.26E-10
8209.726,7.50E-10
8209.845,1.50E-03
8210.614,1.50E-03
8211.621,7.50E-10
8216.138,2.40E-03
8217.583,2.40E-03
8228.624,1.84E-09
8229.637,1.84E-09
8231.984,5.38E-09
8233.793,5.38E-09
8237.145,1.05E-09
8237.798,1.05E-09
8239.363,2.28E-09
8240.428,2.28E-09
8243.723,1.45E-02
8244.256,1.45E-02
8249.606,2.41E-02
8250.556,2.41E-02
8280.542,2.57E+00
8280.605,2.57E+00
8280.846,8.01E-01
8280.883,8.01E-01
8282.216,4.30E-01
8282.313,4.30E-01
8283.264,1.28E+00
8283.349,1.28E+00
8283.668,2.40E-04
8283.922,6.37E+00
8283.995,6.37E+00
8284.549,1.84E-11
8284.616,2.40E-04
8284.938,1.96E-01
8284.942,1.96E-01
8285.398,1.12E-01
8285.494,1.12E-01
8286.042,1.84E-11
8287.18,2.59E-11
8288.646,2.89E+00
8288.704,2.89E+00
8289.271,2.59E-11
8289.502,3.72E-04
8289.576,5.38E-11
8290.348,5.38E-11
8290.847,1.17E+01
8290.915,1.17E+01
8291.195,3.72E-04
8291.672,1.16E-10
8292.758,2.29E-02
8292.837,2.29E-02
8292.864,3.83E-02
8292.887,1.16E-10
8292.923,3.83E-02
8298.512,4.71E+00
8298.528,4.71E+00
8301.09,2.26E-03
8301.153,1.36E+01
8301.202,1.36E+01
8301.753,2.26E-03
8303.285,1.52E-10
8304.276,3.73E-03
8304.327,3.73E-03
8304.5,1.52E-10
8304.742,5.99E-03
8304.869,5.99E-03
8306.354,3.62E-03
8306.497,3.82E-10
8307.466,3.62E-03
8308.588,3.82E-10
8312.986,4.84E+00
8313.021,4.84E+00
8319.971,4.86E-04
8319.979,4.86E-04
8320.651,7.57E-04
8320.861,7.57E-04
8339.835,5.10E-05
8339.88,5.10E-05
8340.675,7.72E-05
8340.98,7.72E-05
8345.315,3.69E+00
8345.337,3.69E+00
8346.387,1.13E-12
8346.891,3.44E+01
8346.901,3.44E+01
8347.281,1.13E-12
8348.373,3.21E-12
8349.742,3.21E-12
8352.051,1.14E+00
8352.084,1.14E+00
8355.143,1.28E+01
8355.181,1.28E+01
8362.702,2.80E-04
8363.142,4.60E-01
8363.17,4.60E-01
8363.504,2.80E-04
8363.591,3.22E-05
8363.956,4.34E-06
8364.065,4.34E-06
8364.737,3.22E-05
8364.902,6.43E-06
8365.316,6.43E-06
8366.896,5.06E-13
8366.979,4.49E+00
8367.06,4.49E+00
8367.449,4.32E-04
8368.553,5.06E-13
8368.736,4.32E-04
8369.027,4.87E-05
8370.992,4.87E-05
8378.458,1.73E-01
8378.467,1.73E-01
8382.554,1.37E+00
8382.692,1.37E+00
8384.62,8.08E-12
8384.65,7.49E+00
8384.74,7.49E+00
8386.062,8.08E-12
8392.423,3.01E-07
8392.607,3.01E-07
8393.433,4.37E-07
8393.967,4.37E-07
8397.888,5.47E-02
8397.914,5.47E-02
8401.429,2.52E+01
8401.527,2.52E+01
8401.987,3.59E-01
8402.197,3.59E-01
8407.728,3.92E-14
8408.747,3.92E-14
8417.52,9.75E+00
8417.566,9.75E+00
8421.402,1.49E-02
8421.477,1.49E-02
8425.333,1.71E-08
8425.377,7.83E-02
8425.601,1.71E-08
8425.672,7.83E-02
8426.378,2.45E-08
8427.04,2.45E-08
8428.701,2.75E-05
8429.653,2.75E-05
8432.396,2.79E+01
8432.586,2.79E+01
8433.015,4.14E-05
8434.488,4.14E-05
8449.024,3.22E-03
8449.157,3.22E-03
8449.941,3.65E-06
8451.308,3.65E-06
8452.81,1.46E-02
8453.201,1.46E-02
8454.562,7.97E+00
8454.583,7.97E+00
8455.03,5.41E-06
8457.295,5.41E-06
8462.802,7.97E-10
8463.16,7.97E-10
8463.86,1.13E-09
8464.661,1.13E-09
8467.534,1.98E+01
8467.835,1.98E+01
8480.797,5.22E-04
8481.001,5.22E-04
8484.37,2.21E-03
8484.872,2.21E-03
8495.669,4.70E+00
8495.776,4.70E+00
8499.242,2.18E-06
8500.354,2.18E-06
8503.189,3.20E-06
8504.859,3.20E-06
8504.964,3.10E-11
8505.416,3.10E-11
8506.965,1.04E+01
8507.391,1.04E+01
8516.791,7.91E-05
8517.076,7.91E-05
8520.149,2.85E-04
8520.773,2.85E-04
8540.919,2.09E+00
8541.126,2.09E+00
8543.087,3.52E-07
8544.698,3.52E-07
8547.872,5.12E-07
8550.468,5.12E-07
8550.776,4.20E+00
8551.337,4.20E+00
8557.094,9.50E-06
8557.472,9.50E-06
8560.245,2.98E-05
8561.005,2.98E-05
8574.492,1.39E-07
8575.773,1.39E-07
8578.127,2.02E-07
8580.003,2.02E-07
8590.396,7.17E-01
8590.713,7.17E-01
8599.047,1.34E+00
8599.755,1.34E+00
8601.812,9.09E-07
8602.294,9.09E-07
8604.769,2.57E-06
8605.678,2.57E-06
8643.442,2.90E-08
8644.215,1.93E-01
8644.65,1.93E-01
8645.326,2.90E-08
8647.961,4.16E-08
8650.922,4.16E-08
8651.066,6.92E-08
8651.665,6.92E-08
8651.863,3.38E-01
8652.73,3.38E-01
8653.844,1.89E-07
8654.634,7.21E-09
8654.915,1.89E-07
8656.093,7.21E-09
8658.001,1.03E-08
8660.092,1.03E-08
8702.508,4.10E-02
8703.074,4.10E-02
8705,4.19E-09
8705.723,4.19E-09
8707.609,1.23E-08
8708.856,1.23E-08
8709.323,6.86E-02
8710.363,6.86E-02
8739.865,3.06E-10
8741.507,3.06E-10
8743.003,4.32E-10
8745.314,4.32E-10
8751.477,2.05E-09
8753.665,2.05E-09
8761.096,4.45E+00
8761.141,4.45E+00
8762.661,1.48E+00
8762.671,1.48E+00
8763.688,1.04E+01
8763.753,1.04E+01
8763.767,2.50E-10
8763.958,2.19E+00
8764.012,7.86E-01
8764.053,2.19E+00
8764.116,7.86E-01
8764.625,2.50E-10
8765.423,6.97E-03
8766.132,6.97E-03
8766.224,5.76E-10
8767.655,5.76E-10
8768.47,3.92E-01
8768.512,3.92E-01
8768.774,4.67E+00
8768.835,2.21E-01
8768.842,4.67E+00
8768.933,2.21E-01
8770.288,1.82E+01
8770.353,1.82E+01
8771.544,1.12E-02
8772.771,1.12E-02
8778.379,4.94E-02
8778.454,4.94E-02
8778.607,7.29E+00
8778.63,7.29E+00
8778.648,8.34E-02
8778.759,8.34E-02
8780.72,2.05E+01
8780.768,2.05E+01
8792.64,8.88E-03
8792.678,8.88E-03
8793.311,1.44E-02
8793.505,1.44E-02
8793.585,7.25E+00
8793.615,7.25E+00
8811.635,1.29E-03
8811.647,1.29E-03
8812.559,2.03E-03
8812.853,2.03E-03
8827.545,9.88E-12
8827.857,5.39E+00
8827.885,5.39E+00
8828.544,9.88E-12
8829.514,5.05E+01
8829.525,5.05E+01
8829.86,2.46E-11
8830.406,1.06E-11
8831.487,2.46E-11
8832.233,1.06E-11
8833.122,9.51E-04
8833.984,9.51E-04
8835.39,1.53E-04
8835.398,1.68E+00
8835.44,1.68E+00
8835.466,1.53E-04
8836.503,2.33E-04
8836.91,2.33E-04
8838.659,1.48E-03
8838.843,1.93E+01
8838.885,1.93E+01
8840.086,1.48E-03
8847.836,6.99E-01
8847.875,6.99E-01
8852.202,6.99E+00
8852.295,6.99E+00
8864.028,1.49E-05
8864.182,1.49E-05
8865.041,2.72E-01
8865.059,2.72E-01
8865.263,2.22E-05
8865.799,2.22E-05
8869.768,2.23E+00
8869.927,2.23E+00
8869.968,1.09E+01
8870.068,1.09E+01
8886.907,9.05E-02
8886.928,9.05E-02
8888.237,3.66E+01
8888.341,3.66E+01
8891.679,6.16E-01
8891.922,6.16E-01
8896.531,4.05E-13
8897.665,1.19E-06
8897.675,4.05E-13
8897.907,1.19E-06
8898.972,1.74E-06
8899.651,1.74E-06
8905.529,1.44E+01
8905.589,1.44E+01
8905.78,1.05E-04
8906.808,1.05E-04
8910.821,1.59E-04
8912.464,1.59E-04
8913.393,2.56E-02
8913.468,2.56E-02
8918.057,1.44E-01
8918.398,1.44E-01
8921.982,4.14E+01
8922.185,4.14E+01
8936.434,7.89E-08
8936.779,7.89E-08
8937.778,1.14E-07
8938.618,1.14E-07
8944.539,5.88E-03
8944.682,5.88E-03
8945.845,1.21E+01
8945.856,1.21E+01
8949.012,2.85E-02
8949.466,2.85E-02
8960.381,3.02E+01
8960.705,3.02E+01
8980.406,1.11E-03
8980.496,4.37E-09
8980.629,1.11E-03
8980.956,4.37E-09
8981.854,6.20E-09
8982.867,6.20E-09
8983.589,9.38E-06
8984.653,4.79E-03
8984.793,9.38E-06
8985.233,4.79E-03
8988.205,1.39E-05
8990.078,1.39E-05
8990.782,7.39E+00
8990.885,7.39E+00
9003.586,1.65E+01
9004.048,1.65E+01
9021.086,1.79E-04
9021.401,1.79E-04
9025.099,6.74E-04
9025.82,6.74E-04
9030.034,2.03E-10
9030.62,2.03E-10
9040.433,3.45E+00
9040.643,3.45E+00
9051.716,7.01E+00
9052.329,7.01E+00
9066.692,2.29E-05
9066.757,6.85E-07
9067.113,2.29E-05
9068.149,6.85E-07
9070.476,7.88E-05
9071.008,9.96E-07
9071.354,7.88E-05
9073.126,9.96E-07
9094.894,1.26E+00
9095.224,1.26E+00
9104.878,2.37E+00
9105.657,2.37E+00
9117.365,2.49E-06
9117.905,2.49E-06
9120.932,7.64E-06
9121.982,7.64E-06
9154.297,3.64E-01
9154.759,3.64E-01
9155.515,4.10E-08
9157.105,4.10E-08
9159.448,5.88E-08
9161.824,5.88E-08
9163.188,6.45E-01
9164.146,6.45E-01
9173.266,2.18E-07
9173.938,2.18E-07
9176.628,6.54E-07
9177.868,6.54E-07
9218.805,8.40E-02
9219.41,8.40E-02
9226.777,1.42E-01
9227.93,1.42E-01
9234.577,1.68E-08
9235.396,1.68E-08
9237.75,4.54E-08
9239.198,4.54E-08
9250.118,2.03E-09
9251.914,2.03E-09
9253.773,2.87E-09
9256.418,2.87E-09
9288.597,1.57E-02
9289.359,1.57E-02
9295.798,2.54E-02
9297.159,2.54E-02
9301.508,9.76E-10
9302.489,9.76E-10
9304.506,2.68E-09
9306.18,2.68E-09
9308.535,6.80E+00
9308.562,6.80E+00
9309.898,1.50E+01
9309.952,1.50E+01
9311.553,3.30E+00
9311.665,3.30E+00
9311.934,2.43E+00
9311.955,2.43E+00
9313.256,1.27E+00
9313.377,1.27E+00
9315.416,6.64E+00
9315.499,6.64E+00
9315.871,2.49E+01
9315.931,2.49E+01
9320.22,7.00E-01
9320.31,7.00E-01
9320.435,3.90E-01
9320.545,3.90E-01
9324.989,9.88E+00
9325.024,9.88E+00
9326.264,2.70E+01
9326.31,2.70E+01
9333.053,9.60E-02
9333.134,9.60E-02
9333.56,1.64E-01
9333.738,1.64E-01
9340.404,9.48E+00
9340.428,9.48E+00
9350.847,8.33E-11
9351.127,1.92E-02
9351.159,1.92E-02
9352.088,3.17E-02
9352.375,3.17E-02
9352.854,8.33E-11
9363.874,2.37E-03
9364.808,2.37E-03
9370.422,3.72E-03
9372.01,3.72E-03
9374.293,5.10E-11
9374.683,3.17E-03
9374.717,3.17E-03
9375.452,5.10E-11
9375.944,5.03E-03
9376.361,5.03E-03
9376.874,6.87E+00
9376.907,6.87E+00
9377.128,1.29E-10
9378.526,6.47E+01
9378.54,6.47E+01
9379.049,1.29E-10
9385.458,2.18E+00
9385.513,2.18E+00
9389.26,2.55E+01
9389.307,2.55E+01
9399.641,9.26E-01
9399.697,9.26E-01
9403.802,4.30E-04
9403.92,4.30E-04
9404.609,9.56E+00
9404.713,9.56E+00
9405.281,6.62E-04
9405.848,6.62E-04
9419.296,3.74E-01
9419.331,3.74E-01
9422.257,1.39E+01
9422.37,1.39E+01
9424.773,3.21E+00
9424.954,3.21E+00
9438.648,4.84E-05
9438.871,4.84E-05
9440.266,7.28E-05
9441.006,7.28E-05
9442.186,4.66E+01
9442.294,4.66E+01
9444.336,1.32E-01
9444.342,1.32E-01
9444.858,2.93E-04
9445.978,2.93E-04
9449.923,9.37E-01
9450.2,9.37E-01
9450.85,4.47E-04
9452.684,4.47E-04
9453.197,2.49E-12
9454.55,2.49E-12
9461.085,1.86E+01
9461.161,1.86E+01
9474.693,3.96E-02
9474.758,3.96E-02
9479.348,5.38E+01
9479.392,4.55E-06
9479.561,5.38E+01
9479.735,4.55E-06
9480.209,2.35E-01
9480.602,2.35E-01
9481.09,6.71E-06
9482.025,6.71E-06
9505.418,1.61E+01
9505.425,1.61E+01
9510.441,9.91E-03
9510.583,9.91E-03
9515.774,5.07E-02
9516.301,5.07E-02
9521.793,4.06E+01
9522.139,4.06E+01
9526.229,3.60E-07
9526.715,3.60E-07
9527.968,5.22E-07
9529.124,5.22E-07
9531.794,2.98E-05
9533.114,2.98E-05
9537.306,4.44E-05
9539.408,4.44E-05
9551.668,2.07E-03
9551.902,2.07E-03
9555.11,1.03E+01
9555.199,1.03E+01
9556.765,9.26E-03
9557.444,9.26E-03
9569.714,2.31E+01
9570.213,2.31E+01
9579.396,2.41E-08
9580.045,2.41E-08
9581.148,3.44E-08
9582.55,3.44E-08
9598.496,3.59E-04
9598.84,3.59E-04
9603.34,1.44E-03
9604.191,1.44E-03
9610.261,5.07E+00
9610.463,5.07E+00
9623.27,1.04E+01
9623.938,1.04E+01
9624.949,2.50E-06
9626.49,2.50E-06
9630.047,3.65E-06
9632.439,3.65E-06
9639.166,1.37E-09
9639.999,1.37E-09
9651.084,5.25E-05
9651.556,5.25E-05
9654.108,3.99E-02
9654.275,3.99E-02
9655.483,2.44E-02
9655.675,1.91E-04
9655.69,2.44E-02
9655.863,2.64E-01
9656.059,2.64E-01
9656.436,4.66E-03
9656.561,4.66E-03
9656.722,1.91E-04
9657.172,2.97E-03
9657.371,2.97E-03
9658.145,1.54E-01
9658.345,1.54E-01
9661.63,1.35E+00
9661.838,1.35E+00
9662.903,4.42E-04
9662.974,4.42E-04
9663.182,2.80E-04
9663.36,2.80E-04
9665.218,7.45E-01
9665.396,7.45E-01
9670.988,1.97E+00
9671.319,5.24E+00
9671.322,1.97E+00
9671.524,5.24E+00
9673.513,2.07E-05
9673.567,3.08E-05
9673.57,3.08E-05
9673.658,2.07E-05
9676.818,2.69E+00
9676.957,2.69E+00
9682.607,3.76E+00
9683.466,3.76E+00
9684.807,1.52E+01
9684.994,1.52E+01
9688.184,1.20E-06
9688.284,1.20E-06
9688.409,1.75E-06
9688.485,1.75E-06
9693.122,7.12E+00
9693.203,7.12E+00
9701.923,3.18E+01
9702.073,3.18E+01
9707.229,5.53E-08
9707.274,5.53E-08
9707.552,7.93E-08
9707.717,7.93E-08
9709.623,6.43E-06
9710.241,6.43E-06
9713.97,2.13E-05
9714.365,1.32E+01
9714.374,1.32E+01
9715.234,2.13E-05
9722.447,4.08E+01
9722.546,4.08E+01
9724.624,1.74E-07
9726.406,1.74E-07
9729.36,2.51E-07
9730.68,2.02E-09
9730.699,2.02E-09
9731.066,2.86E-09
9731.327,2.86E-09
9732.069,2.51E-07
9737.459,6.17E-01
9737.938,6.17E-01
9740.727,1.49E+01
9740.794,1.49E+01
9747.888,1.11E+00
9748.953,1.11E+00
9758.562,5.92E-11
9758.65,5.92E-11
9759.027,8.29E-11
9759.388,8.29E-11
9774.336,6.68E-07
9775.12,6.68E-07
9778.451,2.02E-06
9779.958,2.02E-06
9790.997,1.40E-12
9791.156,1.40E-12
9792.09,1.20E+01
9792.11,1.20E+01
9793.797,1.10E+02
9793.809,1.10E+02
9799.211,3.55E+00
9799.24,3.55E+00
9802.337,3.81E+01
9802.377,3.81E+01
9809.871,1.56E-01
9810.514,1.56E-01
9810.89,1.34E+00
9810.911,1.34E+00
9814.633,1.20E+01
9814.717,1.20E+01
9819.289,2.66E-01
9820.581,2.66E-01
9826.957,4.44E-01
9826.959,4.44E-01
9830.848,3.20E+00
9830.989,3.20E+00
9831.152,1.01E-08
9833.196,1.01E-08
9835.567,1.44E-08
9838.623,1.44E-08
9845.478,5.73E-08
9846.45,5.73E-08
9847.272,1.20E-01
9847.312,1.20E-01
9849.376,1.66E-07
9851.095,7.09E-01
9851.125,2.44E+01
9851.155,1.66E-07
9851.245,2.44E+01
9851.307,7.09E-01
9871.814,2.70E-02
9871.902,2.70E-02
9874.768,8.16E+01
9874.921,8.16E+01
9875.459,1.29E-01
9875.753,1.29E-01
9888.457,3.22E-02
9889.279,3.22E-02
9897.015,5.29E-02
9897.437,3.01E+01
9897.479,3.01E+01
9898.556,5.29E-02
9900.585,4.33E-03
9900.733,4.33E-03
9904.012,1.92E-02
9904.398,1.92E-02
9917.249,8.43E+01
9917.532,8.43E+01
9923.342,4.26E-09
9924.526,4.26E-09
9927.039,1.15E-08
9929.119,1.15E-08
9933.619,6.30E-04
9933.839,6.30E-04
9936.818,2.21E-03
9937.312,2.21E-03
9944.353,2.20E+01
9944.386,2.20E+01
9944.901,4.94E-10
9944.915,1.07E+01
9944.923,1.07E+01
9947.234,4.94E-10
9947.957,2.25E+01
9948.022,2.25E+01
9948.127,5.10E+00
9948.269,5.10E+00
9949.212,3.47E+01
9949.261,3.47E+01
9950.418,9.61E+00
9950.529,9.61E+00
9951.055,4.12E+00
9951.13,4.12E+00
9952.35,2.13E+00
9952.498,2.13E+00
9959.286,3.60E+01
9959.328,3.60E+01
9959.354,1.36E+01
9959.413,1.36E+01
9962.996,1.30E+00
9963.011,7.13E-01
9963.142,7.13E-01
9963.162,1.30E+00
9964.447,5.41E+01
9964.877,5.41E+01
9970.969,6.98E-05
9971.271,6.98E-05
9973.478,5.49E-03
9973.949,2.21E-04
9974.499,5.49E-03
9974.56,2.21E-04
9975.079,1.26E+01
9975.087,1.26E+01
9980.099,1.95E-01
9980.189,1.95E-01
9980.921,3.37E-01
9981.202,3.37E-01
9981.303,8.69E-03
9983.117,8.69E-03
10002.643,1.17E+01
10002.832,1.17E+01
10003.664,4.39E-02
10003.691,4.39E-02
10005.015,7.22E-02
10005.436,7.22E-02
10008.264,2.66E-10
10009.687,2.66E-10
10011.772,7.01E-10
10012.705,5.90E-06
10013.103,5.90E-06
10014.064,8.85E+00
10014.109,8.85E+00
10014.187,7.01E-10
10015.48,1.66E-05
10015.548,8.36E+01
10015.562,8.36E+01
10016.222,1.66E-05
10016.438,2.49E+01
10017.025,2.49E+01
10024.046,2.84E+00
10024.122,2.84E+00
10028.173,3.39E+01
10028.228,3.39E+01
10033.754,8.15E-03
10033.81,8.15E-03
10035.473,1.31E-02
10036.056,1.31E-02
10040.569,1.24E+00
10040.653,1.24E+00
10046.206,1.32E+01
10046.326,1.32E+01
10058.909,3.80E-07
10059.413,3.80E-07
10061.497,1.02E-06
10061.619,4.43E+00
10061.943,4.43E+00
10062.38,1.02E-06
10063.407,1.78E+01
10063.517,5.23E-01
10063.538,1.78E+01
10063.581,5.23E-01
10065.225,7.71E-04
10066.467,7.71E-04
10069.88,4.68E+00
10070.093,4.68E+00
10070.528,1.28E-03
10070.688,1.28E-03
10072.421,1.19E-03
10072.507,1.98E-03
10073.263,8.61E+00
10073.278,1.98E-03
10074.017,8.61E+00
10074.538,1.19E-03
10085.175,5.96E+01
10085.288,5.96E+01
10092.817,1.95E-01
10092.837,1.95E-01
10099.408,1.46E+00
10099.739,1.46E+00
10100.622,1.47E-11
10102.312,1.47E-11
10106.323,2.43E+01
10106.425,2.43E+01
10109.675,1.85E-08
10110.296,1.85E-08
10112.092,5.43E-08
10113.128,5.43E-08
10114.212,1.68E-04
10114.499,1.68E-04
10116.358,2.55E-04
10117.344,2.55E-04
10125.021,1.25E+00
10125.489,1.25E+00
10126.67,7.05E+01
10126.898,7.05E+01
10128.424,6.28E-02
10128.471,6.28E-02
10134.959,2.27E+00
10134.99,3.94E-01
10135.461,3.94E-01
10135.89,2.27E+00
10145.704,1.72E-01
10145.846,1.72E-01
10146.498,1.04E+00
10146.676,1.04E+00
10147.099,1.05E-01
10147.304,1.05E-01
10148.894,6.01E-01
10149.096,6.01E-01
10149.384,2.22E-02
10149.475,2.22E-02
10150.07,1.42E-02
10150.265,1.42E-02
10151.686,4.87E+00
10151.883,4.87E+00
10155.52,2.66E+00
10155.7,2.66E+00
10155.738,2.17E+01
10155.773,2.17E+01
10157.608,2.28E-03
10157.635,2.28E-03
10157.787,1.49E-03
10157.955,1.49E-03
10161.166,1.76E+01
10161.366,1.76E+01
10164.025,9.00E-05
10165.048,1.87E-05
10165.108,8.95E-10
10165.483,1.87E-05
10165.514,9.00E-05
10165.854,8.95E-10
10167.089,8.93E+00
10167.231,8.93E+00
10167.298,2.78E-05
10167.37,2.26E-09
10168.521,2.78E-05
10168.568,2.26E-09
10170.253,1.24E-04
10170.383,1.24E-04
10170.395,1.86E-04
10170.41,1.72E-02
10170.446,1.86E-04
10170.545,1.72E-02
10170.68,1.35E-04
10173.131,1.35E-04
10174.3,5.51E+01
10174.676,5.51E+01
10174.806,4.82E+01
10174.99,4.82E+01
10176.819,9.22E-02
10177.453,9.22E-02
10183.783,2.22E+01
10183.868,2.22E+01
10187.498,8.27E-06
10187.577,8.27E-06
10187.825,1.21E-05
10187.966,1.21E-05
10192.425,9.54E+01
10192.574,9.54E+01
10193.003,2.70E-01
10193.623,2.70E-01
10201.586,4.60E-01
10202.703,4.60E-01
10205.839,3.91E+01
10205.85,3.91E+01
10209.569,4.39E-07
10209.588,4.39E-07
10210.005,6.32E-07
10210.243,6.32E-07
10211.545,1.45E+01
10211.608,1.45E+01
10213.802,1.18E+02
10213.9,1.18E+02
10218.923,3.95E-03
10219.167,3.95E-03
10223.323,1.78E-06
10223.929,1.78E-06
10225.099,1.86E-02
10225.326,2.58E-11
10225.63,2.60E-06
10225.92,1.86E-02
10226.206,2.58E-11
10227.122,2.60E-06
10227.447,7.34E-11
10228.312,3.29E+01
10228.815,7.34E-11
10228.861,3.29E+01
10233.429,4.25E+01
10233.499,4.25E+01
10236.479,1.87E-08
10236.528,1.87E-08
10237.018,2.66E-08
10237.36,2.66E-08
10265.722,4.45E-02
10266.504,4.45E-02
10268.331,6.42E-10
10268.451,6.42E-10
10268.957,9.03E-10
10269.405,9.03E-10
10270.247,8.79E-06
10272.008,8.79E-06
10273.218,7.25E-02
10273.805,7.56E+00
10273.99,7.56E+00
10274.141,7.65E-04
10274.514,7.65E-04
10274.534,7.25E-02
10276.429,1.30E-05
10279.249,1.30E-05
10280.052,3.21E-03
10281.083,3.21E-03
10287.576,3.34E+01
10287.6,3.34E+01
10288.921,1.57E+01
10289.374,1.45E-07
10289.451,3.08E+02
10289.464,3.08E+02
10289.67,1.57E+01
10290.172,1.45E-07
10290.456,7.96E-13
10291.475,7.96E-13
10291.705,2.08E-07
10292.453,1.87E-12
10293.493,2.08E-07
10293.994,1.87E-12
10295.328,1.01E+01
10295.362,1.01E+01
10298.824,1.09E+02
10298.867,1.09E+02
10305.237,1.79E-11
10305.428,1.79E-11
10308.062,3.88E+00
10308.089,3.88E+00
10312.298,3.57E+01
10312.391,3.57E+01
10325.608,1.34E+00
10325.61,1.34E+00
10330.05,1.00E+01
10330.208,1.00E+01
10336.286,1.25E-04
10336.81,1.25E-04
10341.925,4.78E-04
10342.7,3.16E+00
10343.03,3.16E+00
10343.192,4.78E-04
10343.337,5.67E-03
10344.292,5.67E-03
10347.816,3.82E-01
10347.855,3.82E-01
10349.952,8.88E-03
10350.062,6.73E+01
10350.193,6.73E+01
10351.481,8.88E-03
10352.211,2.35E+00
10352.448,2.35E+00
10356.342,6.10E+00
10357.312,6.10E+00
10360.643,1.98E-14
10361.8,1.98E-14
10363.586,1.02E-08
10364.601,1.02E-08
10374.663,8.84E-02
10374.757,8.84E-02
10375.641,2.25E+02
10375.799,2.25E+02
10378.88,4.53E-01
10379.21,4.53E-01
10384.3,7.22E-07
10386.366,7.22E-07
10390.068,1.05E-06
10393.3,1.05E-06
10399.36,8.41E+01
10399.412,8.41E+01
10405.627,1.76E-05
10406.157,1.66E-02
10406.319,1.66E-02
10406.323,1.76E-05
10410.142,7.18E-02
10410.577,7.18E-02
10410.999,6.16E-05
10412.531,6.16E-05
10418.443,1.08E+00
10418.937,1.08E+00
10421.071,2.37E+02
10421.366,2.37E+02
10426.011,5.64E-04
10427.152,5.64E-04
10430.798,1.95E+00
10431.904,8.57E-04
10432.012,1.95E+00
10433.66,8.57E-04
10442.34,2.41E-03
10442.582,2.41E-03
10446.077,9.36E-03
10446.632,9.36E-03
10453.335,6.46E+01
10453.395,6.46E+01
10471.604,1.57E+02
10472.057,1.57E+02
10482.474,2.11E-06
10483.275,2.89E-04
10483.366,2.11E-06
10483.609,2.89E-04
10486.771,9.67E-04
10487.457,9.67E-04
10487.593,6.80E-06
10489.418,6.80E-06
10501.298,3.00E-01
10501.977,3.00E-01
10506.649,5.02E-08
10509.057,5.02E-08
10511.916,3.49E+01
10512.052,7.17E-08
10512.107,3.49E+01
10512.543,5.17E-01
10513.915,4.39E-05
10514.025,5.17E-01
10515.254,4.39E-05
10515.739,7.17E-08
10519.21,6.51E-05
10521.205,6.51E-05
10527.346,7.53E+01
10527.969,7.53E+01
10529.048,2.65E-05
10529.486,2.65E-05
10532.315,8.35E-05
10533.146,8.35E-05
10567.187,2.14E-07
10568.301,2.14E-07
10572.067,6.54E-07
10574.219,6.54E-07
10575.234,1.39E+01
10575.569,1.39E+01
10579.756,2.03E-06
10580.31,2.03E-06
10582.812,5.72E-06
10583.8,5.72E-06
10588.359,2.74E+01
10589.165,2.74E+01
10591.571,6.90E-02
10592.456,6.90E-02
10601.863,1.14E-01
10603.642,1.14E-01
10607.227,2.69E-06
10608.775,2.69E-06
10612.02,3.92E-06
10614.268,3.92E-06
10635.512,1.22E-07
10636.193,1.22E-07
10637.817,2.97E-09
10638.377,3.24E-07
10639.532,3.24E-07
10640.605,2.97E-09
10643.43,4.20E+00
10643.92,4.20E+00
10654.707,7.67E+00
10655.706,7.67E+00
10660.174,1.93E-08
10661.537,1.93E-08
10664.834,5.38E-08
10667.347,5.38E-08
10686.605,2.09E+00
10686.762,2.09E+00
10687.166,3.76E-01
10687.277,3.76E-01
10688.554,2.27E-01
10688.761,2.27E-01
10689.104,1.20E+00
10689.313,1.20E+00
10689.614,1.32E-02
10690.729,1.32E-02
10690.904,9.09E+00
10691.089,9.09E+00
10692.683,5.39E-02
10692.73,5.39E-02
10693.28,3.38E-02
10693.47,3.38E-02
10694.993,4.91E+00
10695.183,4.91E+00
10696.444,6.08E-09
10697.261,6.08E-09
10699.088,2.11E-02
10699.136,1.51E-08
10699.948,3.09E+01
10700.141,3.09E+01
10700.468,1.51E-08
10701.192,2.11E-02
10703.21,6.17E-03
10703.241,6.17E-03
10703.271,3.99E-03
10703.426,3.99E-03
10706.136,1.31E-07
10706.333,1.55E+01
10706.484,1.55E+01
10707.905,1.31E-07
10710.503,1.88E-07
10713.017,1.88E-07
10713.59,8.00E+01
10713.771,8.00E+01
10716.668,9.72E-01
10717.323,9.72E-01
10718.545,3.76E-04
10718.649,3.76E-04
10718.806,5.66E-04
10718.93,5.66E-04
10723.305,3.65E+01
10723.396,3.65E+01
10726.463,1.67E+00
10727.668,1.67E+00
10731.64,1.52E+02
10731.788,1.52E+02
10739.146,2.84E-05
10739.187,2.84E-05
10739.609,4.19E-05
10739.84,4.19E-05
10746.145,6.17E+01
10746.159,6.17E+01
10753.871,1.82E+02
10753.969,1.82E+02
10761.904,1.44E-09
10762.695,2.40E-10
10763.545,1.44E-09
10763.653,2.40E-10
10765.108,1.73E-06
10765.144,1.73E-06
10765.229,5.79E-10
10765.723,2.51E-06
10766.07,2.51E-06
10766.359,3.88E-09
10766.744,5.79E-10
10769.271,3.88E-09
10775.024,6.49E+01
10775.095,6.49E+01
10795.124,1.74E-01
10795.824,2.12E-03
10795.957,1.74E-01
10796.507,8.58E-08
10796.626,8.58E-08
10797.194,2.12E-03
10797.259,1.23E-07
10797.73,1.23E-07
10803.723,2.86E-01
10804.593,3.30E-03
10805.146,2.86E-01
10807.057,3.30E-03
10810.846,5.07E-09
10812.846,5.07E-09
10814.852,7.18E-09
10817.639,7.18E-09
10832.243,4.99E+01
10832.271,4.99E+01
10833.491,3.46E-09
10833.7,3.46E-09
10834.283,4.63E+02
10834.296,4.63E+02
10834.346,4.89E-09
10834.421,7.57E-12
10834.945,4.89E-09
10835.522,7.57E-12
10836.815,1.75E-11
10838.514,1.75E-11
10840.76,1.52E+01
10840.801,1.52E+01
10844.669,1.69E+02
10844.717,1.69E+02
10854.771,5.98E+00
10854.807,5.98E+00
10859.577,5.69E+01
10859.679,5.69E+01
10872.907,9.69E-11
10874.105,2.15E+00
10874.114,2.15E+00
10874.858,9.69E-11
10876.195,1.15E-10
10876.493,1.15E-10
10878.981,2.44E-02
10879.201,1.67E+01
10879.376,1.67E+01
10880.003,2.44E-02
10886.604,3.82E-02
10888.261,3.82E-02
10898.609,1.01E+02
10898.613,6.48E-01
10898.648,6.48E-01
10898.751,1.01E+02
10903.69,4.12E+00
10903.955,4.12E+00
10910.648,2.88E-04
10911.795,2.06E-13
10912.302,2.88E-04
10913.038,2.06E-13
10918.808,4.36E-04
10921.575,1.58E-10
10921.669,4.36E-04
10923.811,1.58E-10
10925.271,2.21E-10
10926.349,3.36E+02
10926.511,3.36E+02
10928.259,1.60E-01
10928.338,2.21E-10
10928.354,1.60E-01
10933.164,8.48E-01
10933.533,8.48E-01
10951.316,1.28E+02
10951.381,1.28E+02
10963.063,3.17E-02
10963.234,3.17E-02
10967.725,1.45E-01
10968.213,1.45E-01
10968.427,2.66E-03
10969.649,2.66E-03
10975.177,3.62E+02
10975.247,4.08E-03
10975.484,3.62E+02
10977.151,4.08E-03
11003.077,5.08E-03
11003.34,5.08E-03
11007.472,2.03E-02
11008.095,2.03E-02
11009.269,1.01E+02
11009.318,1.01E+02
11029.576,2.47E+02
11030.053,2.47E+02
11034.59,3.30E-05
11036.56,3.30E-05
11038.562,3.94E-12
11041.034,3.94E-12
11042.22,4.90E-05
11045.52,4.90E-05
11048.383,6.51E-04
11048.749,6.51E-04
11052.511,2.34E-03
11053.283,2.34E-03
11063.66,2.32E-04
11065.097,2.32E-04
11069.812,3.47E-04
11071.979,3.47E-04
11072.363,5.67E+01
11072.551,5.67E+01
11089.688,1.24E+02
11090.35,1.24E+02
11099.083,6.83E-05
11099.568,6.83E-05
11102.958,2.23E-04
11103.896,2.23E-04
11140.74,2.38E+01
11141.083,2.38E+01
11155.302,5.80E-06
11155.604,4.72E+01
11155.92,5.80E-06
11156.465,4.72E+01
11158.942,1.74E-05
11160.059,1.74E-05
11164.891,1.61E-05
11166.553,1.61E-05
11168.216,3.23E-06
11170.481,2.36E-05
11170.539,3.23E-06
11172.923,2.36E-05
11175.383,4.71E-06
11179.171,4.71E-06
11214.548,7.63E+00
11215.058,7.63E+00
11217.182,3.96E-07
11217.945,3.96E-07
11220.608,1.11E-06
11221.917,1.11E-06
11227.411,1.41E+01
11228.483,1.41E+01
11272.344,8.93E-07
11274.241,8.93E-07
11277.459,1.29E-06
11280.187,1.29E-06
11284.885,2.25E-08
11285.805,2.25E-08
11288.118,5.93E-08
11288.134,3.46E+00
11288.25,3.46E+00
11289.631,5.93E-08
11290.625,6.82E-01
11290.681,6.82E-01
11290.735,1.97E+00
11290.948,1.97E+00
11291.088,1.40E+01
11291.245,1.40E+01
11291.987,4.07E-01
11292.195,4.07E-01
11293.969,1.90E+00
11294.658,1.90E+00
11295.455,7.49E+00
11295.651,7.49E+00
11298.654,1.08E-01
11298.68,1.08E-01
11299.159,6.70E-02
11299.345,6.70E-02
11299.353,4.45E+01
11299.528,4.45E+01
11305.209,3.29E+00
11306.256,2.21E+01
11306.414,2.21E+01
11306.509,3.29E+00
11312.168,2.71E-07
11312.252,8.82E-03
11312.283,1.37E-02
11312.396,8.82E-03
11312.407,1.37E-02
11312.765,1.09E+02
11312.937,1.09E+02
11314.885,2.71E-07
11318.928,3.90E-07
11323.258,3.90E-07
11323.317,4.94E+01
11323.415,4.94E+01
11331.121,1.98E+02
11331.266,1.98E+02
11331.303,9.36E-04
11331.39,9.36E-04
11331.682,1.42E-03
11331.924,1.42E-03
11346.877,7.99E+01
11346.894,7.99E+01
11354.187,2.29E+02
11354.283,2.29E+02
11356.383,8.07E-05
11356.397,8.07E-05
11356.974,1.20E-04
11357.351,1.20E-04
11358.595,1.02E-09
11359.68,1.02E-09
11361.654,2.58E-09
11363.377,2.58E-09
11377.1,8.14E+01
11377.171,8.14E+01
11379.201,3.70E-01
11380.084,3.70E-01
11386.262,3.99E-08
11387.521,5.67E-06
11387.595,5.67E-06
11388.293,8.26E-06
11388.402,3.99E-08
11388.823,8.26E-06
11389.122,6.12E-01
11390.664,6.12E-01
11390.972,5.66E-08
11393.993,5.66E-08
11424.889,3.27E-07
11425.064,3.27E-07
11425.794,4.69E-07
11426.494,4.69E-07
11437.748,6.13E+01
11437.78,6.13E+01
11438.514,3.97E-11
11439.768,3.97E-11
11439.933,5.72E+02
11439.947,5.72E+02
11441.42,9.31E-11
11443.356,9.31E-11
11447.211,1.89E+01
11447.261,1.89E+01
11451.577,2.14E+02
11451.631,2.14E+02
11462.806,7.63E+00
11462.85,7.63E+00
11467.17,1.96E-08
11468.268,7.47E+01
11468.384,7.47E+01
11468.654,1.56E-08
11468.944,1.56E-08
11469.646,2.20E-08
11470.328,1.96E-08
11470.457,5.68E-02
11470.532,2.20E-08
11471.548,5.68E-02
11479.295,9.05E-02
11481.097,9.05E-02
11484.358,2.84E+00
11484.374,2.84E+00
11490.22,2.29E+01
11490.42,2.29E+01
11506.905,1.44E-09
11508.538,1.23E+02
11508.694,1.23E+02
11509.294,1.44E-09
11511.27,2.02E-09
11511.72,9.02E-01
11511.754,9.02E-01
11514.588,2.02E-09
11517.607,5.96E+00
11517.911,5.96E+00
11519,6.14E-10
11519.417,6.14E-10
11524.869,1.22E-12
11526.291,1.22E-12
11538.706,4.13E+02
11538.876,4.13E+02
11544.848,2.36E-01
11544.949,2.36E-01
11550.574,1.31E+00
11550.999,1.31E+00
11565.21,1.60E+02
11565.288,1.60E+02
11567.959,6.95E-03
11569.273,6.95E-03
11575.903,1.07E-02
11577.98,1.07E-02
11583.779,5.06E-02
11583.965,5.06E-02
11589.248,2.41E-01
11589.811,2.41E-01
11591.522,4.55E+02
11591.847,4.55E+02
11627.826,1.30E+02
11627.867,1.30E+02
11628.583,8.83E-03
11628.867,8.83E-03
11633.756,3.68E-02
11634.475,3.68E-02
11634.562,4.21E-11
11637.193,4.21E-11
11650.492,3.21E+02
11651,3.21E+02
11671.947,6.80E-04
11673.499,6.80E-04
11679.146,1.02E-03
11679.362,1.26E-03
11679.761,1.26E-03
11681.516,1.02E-03
11684.233,4.68E-03
11685.126,4.68E-03
11696.254,7.60E+01
11696.442,7.60E+01
11715.795,1.67E+02
11716.507,1.67E+02
11736.25,1.46E-04
11736.778,1.46E-04
11740.829,4.94E-04
11741.913,4.94E-04
11770.65,3.36E+01
11771.005,3.36E+01
11782.677,5.35E-05
11784.48,5.35E-05
11787.563,6.75E+01
11788.495,6.75E+01
11789.248,7.88E-05
11791.927,7.88E-05
11799.405,1.39E-05
11800.08,1.39E-05
11803.708,4.34E-05
11805.004,4.34E-05
11851.176,1.15E+01
11851.711,1.15E+01
11865.919,2.14E+01
11867.087,2.14E+01
11869.014,1.08E-06
11869.85,1.08E-06
11873.058,3.16E-06
11874.585,3.16E-06
11900.425,3.40E-06
11902.494,3.40E-06
11906.466,4.92E-06
11909.467,4.92E-06
11938.036,3.08E+00
11938.766,3.08E+00
11945.284,7.04E-08
11946.299,7.04E-08
11949.088,1.91E-07
11950.868,1.91E-07
11950.998,5.40E+00
11952.418,5.40E+00
11967.885,5.31E+00
11967.958,5.31E+00
11968.798,1.99E+01
11968.927,1.99E+01
11970.554,2.99E+00
11970.777,2.99E+00
11973.168,1.14E+00
11973.176,1.14E+00
11973.451,1.05E+01
11973.662,1.05E+01
11974.444,6.75E-01
11974.656,6.75E-01
11975.754,5.91E+01
11975.914,5.91E+01
11983.237,2.90E+01
11983.41,2.90E+01
11984.708,2.00E-01
11984.819,2.00E-01
11985.088,1.23E-01
11985.266,1.23E-01
11988.565,1.37E+02
11988.729,1.37E+02
12000.086,6.14E+01
12000.196,6.14E+01
12002.507,1.81E-02
12002.63,1.81E-02
12002.725,2.85E-02
12002.963,2.85E-02
12007.008,2.38E+02
12007.148,2.38E+02
12024.232,9.51E+01
12024.259,9.51E+01
12025.494,1.76E-07
12026.773,2.18E-03
12026.82,2.18E-03
12027.372,3.33E-03
12027.761,3.33E-03
12027.84,1.76E-07
12028.455,3.75E-09
12029.666,3.75E-09
12030.837,2.66E+02
12030.933,2.66E+02
12031.085,2.51E-07
12031.464,6.53E-01
12032.035,9.72E-09
12032.401,6.53E-01
12034.091,9.72E-09
12034.419,2.51E-07
12042.96,1.09E+00
12044.65,1.09E+00
12055.844,9.39E+01
12055.912,9.39E+01
12057.948,2.14E-04
12057.997,2.14E-04
12058.819,3.20E-04
12059.383,3.20E-04
12096.164,1.74E-05
12096.328,1.74E-05
12097.255,2.55E-05
12098.017,2.55E-05
12118.793,1.68E-10
12120.217,1.68E-10
12120.367,6.92E+01
12120.406,6.92E+01
12122.165,4.14E-10
12122.632,6.49E+02
12122.648,6.49E+02
12124.519,4.14E-10
12131.036,2.16E+01
12131.098,2.16E+01
12131.711,1.11E-01
12132.872,1.11E-01
12135.893,2.49E+02
12135.952,2.49E+02
12141.653,1.17E-06
12141.952,1.17E-06
12141.995,1.78E-01
12142.893,1.69E-06
12143.875,1.69E-06
12143.975,1.78E-01
12148.646,8.93E+00
12148.705,8.93E+00
12154.871,9.02E+01
12154.999,9.02E+01
12158.217,7.43E-09
12160.844,7.43E-09
12163.423,1.05E-08
12167.096,1.05E-08
12173.025,3.46E+00
12173.056,3.46E+00
12179.811,2.89E+01
12180.034,2.89E+01
12194.639,6.58E-08
12195.092,6.58E-08
12195.974,9.36E-08
12196.3,1.39E+02
12196.472,1.39E+02
12197.202,9.36E-08
12204.039,1.15E+00
12204.063,1.15E+00
12210.918,7.97E+00
12211.262,7.97E+00
12216.596,6.27E-12
12218.253,6.27E-12
12229.206,4.67E+02
12229.382,4.67E+02
12239.049,1.51E-02
12240.451,1.51E-02
12241.623,3.22E-01
12241.721,3.22E-01
12248.32,2.34E-02
12248.372,1.87E+00
12248.855,1.87E+00
12250.613,2.34E-02
12255.382,3.10E-09
12256.009,3.10E-09
12257.681,1.83E+02
12257.777,1.83E+02
12285.844,7.45E-02
12286.037,7.45E-02
12286.819,5.26E+02
12287.158,5.26E+02
12292.336,3.71E-01
12292.981,3.71E-01
12298.956,2.58E-10
12301.864,2.58E-10
12325.901,1.54E+02
12325.925,1.54E+02
12336.797,1.42E-02
12337.104,1.42E-02
12342.976,6.19E-02
12343.805,6.19E-02
12351.329,3.83E+02
12351.865,3.83E+02
12353.772,1.66E-03
12355.435,1.66E-03
12362.191,2.51E-03
12364.82,2.51E-03
12394.621,2.23E-03
12395.062,2.23E-03
12400.469,8.69E-03
12400.789,9.39E+01
12400.967,9.39E+01
12401.505,8.69E-03
12422.967,2.09E+02
12423.727,2.09E+02
12459.492,2.91E-04
12460.085,2.91E-04
12465.014,1.02E-03
12466.279,1.02E-03
12476.199,1.48E-04
12478.142,1.48E-04
12482.53,4.38E+01
12482.885,4.38E+01
12483.892,2.20E-04
12486.886,2.20E-04
12501.915,8.89E+01
12502.919,8.89E+01
12531.622,3.12E-05
12532.389,3.12E-05
12536.832,1.01E-04
12538.354,1.01E-04
12571.304,1.60E+01
12571.855,1.60E+01
12588.345,3.01E+01
12589.613,3.01E+01
12606.679,1.09E-05
12608.925,1.09E-05
12611.259,2.79E-06
12612.221,2.79E-06
12613.747,1.58E-05
12616.175,8.38E-06
12617.137,1.58E-05
12617.98,8.38E-06
12667.352,4.62E+00
12668.117,4.62E+00
12682.442,8.19E+00
12683.997,8.19E+00
12698.686,2.08E-07
12699.865,2.08E-07
12703.326,5.86E-07
12705.444,5.86E-07
12745.595,6.53E-07
12747.917,2.67E+01
12748.001,2.67E+01
12748.171,6.53E-07
12750.124,7.72E+00
12750.127,7.72E+00
12752.121,9.35E-07
12752.731,7.44E+01
12752.82,4.30E+00
12752.863,7.44E+01
12752.876,1.40E+01
12753.065,4.30E+00
12753.114,1.40E+01
12755.939,9.35E-07
12759.447,1.82E+00
12759.556,1.82E+00
12760.643,1.06E+00
12760.866,1.06E+00
12760.893,3.61E+01
12761.093,3.61E+01
12764.344,1.63E+02
12764.492,1.63E+02
12770.952,1.07E+00
12771.951,1.07E+00
12776.159,3.50E-01
12776.341,2.13E-01
12776.41,3.50E-01
12776.515,2.13E-01
12777.032,7.22E+01
12777.167,7.22E+01
12782.5,2.71E+02
12782.634,2.71E+02
12784.423,1.81E+00
12786.286,1.81E+00
12794.224,1.30E-08
12795.646,1.30E-08
12798.607,3.46E-08
12799.978,3.51E-02
12800.075,3.51E-02
12800.465,5.56E-02
12800.89,5.56E-02
12801.071,3.46E-08
12801.521,1.07E+02
12801.565,1.07E+02
12806.937,2.92E+02
12807.03,2.92E+02
12831.672,4.76E-03
12831.678,4.76E-03
12832.583,7.33E-03
12833.215,7.33E-03
12834.534,1.03E+02
12834.594,1.03E+02
12871.483,5.36E-04
12871.619,5.36E-04
12872.757,8.05E-04
12873.629,8.05E-04
12882.417,2.00E-01
12883.669,2.00E-01
12893.37,3.24E-08
12894.535,3.25E-01
12896.306,3.24E-08
12896.733,3.25E-01
12898.239,6.86E-10
12899.419,4.59E-08
12899.932,6.86E-10
12902.384,1.73E-09
12903.508,7.39E+01
12903.557,7.39E+01
12903.705,4.59E-08
12905.227,1.73E-09
12905.702,6.96E+02
12905.721,6.96E+02
12915.759,2.33E+01
12915.84,2.33E+01
12919.739,5.03E-05
12920.035,5.03E-05
12921.099,2.74E+02
12921.165,2.74E+02
12921.26,7.41E-05
12922.408,7.41E-05
12936.017,9.90E+00
12936.101,9.90E+00
12943.104,1.03E+02
12943.249,1.03E+02
12964.116,3.98E+00
12964.173,3.98E+00
12971.998,3.46E+01
12972.256,3.46E+01
12976.724,3.96E-06
12977.207,3.96E-06
12978.407,5.73E-06
12979.868,5.73E-06
12985.55,1.49E+02
12985.742,1.49E+02
12999.953,1.40E+00
12999.953,1.40E+00
13002.088,3.05E-02
13003.614,3.05E-02
13008.035,1.01E+01
13008.433,1.01E+01
13011.145,3.04E-11
13013.069,4.78E-02
13013.136,3.04E-11
13015.633,4.78E-02
13021.544,4.99E+02
13021.726,4.99E+02
13042.771,2.63E-07
13043.426,4.16E-01
13043.473,2.63E-07
13043.509,4.16E-01
13044.555,3.75E-07
13046.369,3.75E-07
13050.473,1.34E-09
13051.44,2.54E+00
13052.006,2.54E+00
13052.679,2.00E+02
13052.801,2.00E+02
13053.801,1.34E-09
13085.086,5.76E+02
13085.443,5.76E+02
13094.657,1.04E-01
13094.849,1.04E-01
13102.433,5.43E-01
13103.193,5.43E-01
13118.277,1.48E-08
13119.227,1.48E-08
13127.821,1.73E+02
13127.823,1.73E+02
13130.338,3.79E-03
13132.164,3.79E-03
13140.356,5.78E-03
13143.318,5.78E-03
13153.783,2.17E-02
13154.107,2.17E-02
13156.507,4.34E+02
13157.079,4.34E+02
13161.235,9.90E-02
13162.221,9.90E-02
13210.769,1.10E+02
13210.927,1.10E+02
13220.998,3.76E-03
13221.479,3.76E-03
13228.094,1.53E-02
13229.335,1.53E-02
13236.105,2.48E+02
13236.927,2.48E+02
13267.579,3.87E-04
13269.735,3.87E-04
13276.776,5.77E-04
13280.173,5.77E-04
13296.547,5.46E-04
13297.211,5.46E-04
13301.744,5.42E+01
13302.09,5.42E+01
13303.28,2.01E-03
13304.812,2.01E-03
13324.135,1.11E+02
13325.231,1.11E+02
13380.726,6.63E-05
13381.6,6.63E-05
13387.105,2.24E-04
13388.963,2.24E-04
13400.967,2.11E+01
13401.526,2.11E+01
13414.271,3.26E-05
13416.787,3.26E-05
13420.836,4.03E+01
13422.235,4.03E+01
13422.758,4.77E-05
13426.632,4.77E-05
13473.879,6.78E-06
13474.994,6.78E-06
13479.921,2.12E-05
13482.145,2.12E-05
13508.731,6.61E+00
13509.527,6.61E+00
13526.471,1.19E+01
13528.201,1.19E+01
13570.917,2.29E-06
13573.831,2.29E-06
13576.406,5.85E-07
13577.796,5.85E-07
13578.786,3.30E-06
13582.129,1.71E-06
13583.187,3.30E-06
13584.764,1.71E-06
13625.389,1.67E+00
13626.444,1.67E+00
13641.334,2.86E+00
13643.429,2.86E+00
13664.103,3.35E+01
13664.103,3.35E+01
13665.413,8.71E+01
13665.49,8.71E+01
13669.401,1.73E+01
13669.696,1.73E+01
13671.065,1.05E+01
13671.179,1.05E+01
13673.844,5.76E+00
13674.134,5.76E+00
13674.406,4.18E+01
13674.666,4.18E+01
13674.83,1.81E+02
13674.946,1.81E+02
13686.647,2.69E+00
13686.911,2.69E+00
13687.687,1.56E+00
13687.938,1.56E+00
13688.766,4.28E-08
13688.994,7.92E+01
13689.185,7.92E+01
13690.466,4.28E-08
13692.057,2.86E+02
13692.174,2.86E+02
13694.187,1.18E-07
13697.281,1.18E-07
13710.978,3.47E-01
13711.125,5.73E-01
13711.155,3.47E-01
13711.572,5.73E-01
13713.377,1.12E+02
13713.466,1.12E+02
13716.791,2.98E+02
13716.878,2.98E+02
13738.085,1.34E-07
13741.439,1.34E-07
13743.847,6.38E-02
13743.917,6.38E-02
13744.783,1.02E-01
13745.41,1.91E-07
13745.449,1.02E-01
13747.749,1.04E+02
13747.779,1.04E+02
13750.391,1.91E-07
13751.336,3.46E-01
13752.679,3.46E-01
13765.771,5.67E-01
13768.264,5.67E-01
13786.433,9.82E-03
13786.501,9.82E-03
13787.939,1.52E-02
13788.859,1.52E-02
13811.479,2.67E-09
13813.531,2.67E-09
13816.615,6.99E-09
13820.225,6.99E-09
13821.925,7.37E+01
13821.996,7.37E+01
13823.75,6.97E+02
13823.771,6.97E+02
13836.329,2.36E+01
13836.451,2.36E+01
13838.979,1.27E-03
13839.218,1.27E-03
13840.946,1.92E-03
13842.074,2.82E+02
13842.152,2.82E+02
13842.155,1.92E-03
13860.198,1.03E+01
13860.335,1.03E+01
13868.232,1.10E+02
13868.408,1.10E+02
13887.021,5.88E-02
13888.679,5.88E-02
13893.38,4.28E+00
13893.494,4.28E+00
13900.174,9.31E-02
13901.904,1.38E-04
13902.347,1.38E-04
13902.563,3.88E+01
13902.874,3.88E+01
13903.107,9.31E-02
13904.205,2.04E-04
13905.737,2.04E-04
13910.625,2.06E-05
13911.142,2.06E-05
13911.435,1.49E+02
13911.661,1.49E+02
13911.694,4.12E-04
13911.902,1.42E-05
13912.278,4.12E-04
13912.507,1.42E-05
13913.587,2.78E-04
13914.213,2.78E-04
13915.731,8.12E-07
13916.162,8.12E-07
13916.406,6.60E-09
13916.535,5.68E-07
13917.099,5.68E-07
13918.882,6.41E-03
13919.514,6.41E-03
13920.249,6.60E-09
13921.586,4.24E-03
13922.215,4.24E-03
13927.073,2.52E-08
13927.4,2.52E-08
13927.508,1.78E-08
13928.012,1.78E-08
13932.132,7.76E-02
13932.793,7.76E-02
13935.793,1.58E+00
13935.846,1.58E+00
13935.925,4.99E-02
13936.536,4.99E-02
13944.721,6.18E-10
13944.863,4.42E-10
13944.925,6.18E-10
13945.145,1.42E-10
13945.289,4.42E-10
13945.387,1.20E+01
13945.87,1.20E+01
13947.591,1.42E-10
13950.914,4.99E+02
13951.105,4.99E+02
13951.385,7.27E-01
13952.056,7.27E-01
13956.661,4.50E-01
13957.235,4.50E-01
13968.658,8.71E-12
13968.985,8.71E-12
13975.627,1.27E-05
13976.304,1.27E-05
13976.567,5.23E+00
13977.228,5.23E+00
13978.17,1.85E-05
13980.063,1.85E-05
13983.904,3.09E+00
13984.418,3.09E+00
13985.809,2.04E+02
13985.981,2.04E+02
13987.409,5.05E-01
13987.453,5.05E-01
13997.005,3.23E+00
13997.695,3.23E+00
14007.583,2.87E+01
14008.21,2.87E+01
14017.83,1.60E+01
14018.259,1.60E+01
14022.035,5.91E+02
14022.417,5.91E+02
14032.938,8.26E-03
14034.946,8.26E-03
14044.287,1.19E+02
14044.858,1.19E+02
14044.999,1.27E-02
14048.303,1.36E-01
14048.42,1.27E-02
14048.476,1.36E-01
14057.721,7.50E-01
14058.65,7.50E-01
14058.708,6.14E+01
14059.022,6.14E+01
14060.639,1.00E-06
14061.584,1.00E-06
14063.359,1.44E-06
14065.652,1.44E-06
14069.768,1.82E+02
14069.825,1.82E+02
14086.468,3.63E+02
14086.954,3.63E+02
14102.385,4.62E+02
14103.009,4.62E+02
14106.921,1.71E+02
14107.094,1.71E+02
14118.731,3.11E-02
14119.064,3.11E-02
14127.853,1.50E-01
14129.057,1.50E-01
14133.816,7.87E+02
14134.188,7.87E+02
14157.514,6.75E-08
14158.76,6.75E-08
14162.957,3.30E+02
14162.963,3.30E+02
14163.182,1.21E+02
14163.288,1.21E+02
14185.939,1.05E+03
14186.174,1.05E+03
14189.644,9.66E-04
14192.042,9.66E-04
14192.358,2.76E+02
14193.267,2.76E+02
14198.978,5.99E-03
14199.504,5.99E-03
14200.767,1.45E-03
14204.727,1.45E-03
14207.749,2.56E-02
14209.262,2.56E-02
14227.119,3.82E+02
14227.284,3.82E+02
14266.201,6.32E+01
14266.511,6.32E+01
14289.395,9.75E-04
14290.146,9.75E-04
14292.311,1.31E+02
14293.537,1.31E+02
14297.805,3.77E-03
14299.663,3.77E-03
14341.99,3.16E+02
14342.02,3.16E+02
14344.434,2.88E+03
14344.451,2.88E+03
14352.25,9.24E+01
14352.293,9.24E+01
14356.69,9.73E+02
14356.749,9.73E+02
14357.76,9.44E-05
14360.593,9.44E-05
14368.067,1.39E-04
14369.067,3.38E+01
14369.098,3.38E+01
14372.63,1.39E-04
14374.351,2.96E+02
14374.476,2.96E+02
14379.164,2.64E+01
14379.712,2.64E+01
14390.406,1.35E-04
14391.416,1.35E-04
14392.186,1.08E+01
14392.19,1.08E+01
14397.649,7.60E+01
14397.858,7.60E+01
14398.462,4.76E-04
14400.705,4.76E-04
14402.592,5.10E+01
14404.172,5.10E+01
14421.402,2.78E+00
14421.461,2.78E+00
14426.749,1.60E+01
14427.06,1.60E+01
14456.684,5.67E-01
14456.813,5.67E-01
14461.767,2.72E+00
14462.194,2.72E+00
14468.987,6.42E+02
14469.232,6.42E+02
14498.032,8.99E-02
14498.249,8.99E-02
14502.454,8.96E+00
14502.506,1.58E-05
14502.799,3.71E-01
14503.271,8.96E+00
14503.359,3.71E-01
14503.81,1.58E-05
14510.229,5.18E-05
14512.898,5.18E-05
14518.799,2.14E+03
14519.123,2.14E+03
14523.581,1.63E+01
14525.55,1.63E+01
14537.985,7.76E-06
14541.305,7.76E-06
14545.495,1.11E-02
14545.813,1.11E-02
14547.577,1.12E-05
14549.938,4.04E-02
14550.646,4.04E-02
14552.813,1.12E-05
14563.947,7.78E+02
14564.018,7.78E+02
14599.146,1.08E-03
14599.582,1.08E-03
14603.279,3.52E-03
14604.149,3.52E-03
14604.539,2.17E+03
14605.127,2.17E+03
14608.33,1.32E-03
14608.853,1.32E-03
14609.364,7.45E-05
14609.799,7.45E-05
14610.291,8.87E-04
14610.641,5.12E-05
14610.903,8.87E-04
14611.219,5.12E-05
14613.979,1.84E-02
14614.571,1.84E-02
14616.841,1.21E-02
14617.153,3.34E-06
14617.468,1.21E-02
14617.485,3.34E-06
14617.902,2.33E-06
14618.43,2.33E-06
14626.241,2.01E-01
14626.263,1.59E-06
14626.884,2.01E-01
14627.9,1.59E-06
14630.31,1.28E-01
14630.93,1.28E-01
14631.772,1.19E-07
14631.994,1.19E-07
14632.108,8.40E-08
14632.576,8.40E-08
14633.678,4.86E-06
14636.534,2.49E+00
14636.82,4.86E-06
14637.654,2.49E+00
14645.047,1.72E+00
14645.716,1.72E+00
14650.756,1.05E+00
14651.344,1.05E+00
14653.307,3.38E-09
14653.315,2.42E-09
14653.416,3.38E-09
14653.718,2.42E-09
14655.705,4.30E+00
14658.1,4.30E+00
14659.082,8.14E-05
14659.649,8.14E-05
14662.927,2.42E-04
14663.976,2.42E-04
14664.989,5.65E+02
14665.148,5.65E+02
14670.31,1.14E+01
14670.979,1.14E+01
14678.287,6.67E+00
14678.817,6.67E+00
14681.595,5.57E-11
14681.937,5.57E-11
14697.998,1.35E+03
14698.876,1.35E+03
14701.92,5.81E+01
14702.563,5.81E+01
14713.085,3.21E+01
14713.528,3.21E+01
14725.414,4.81E-06
14726.129,4.81E-06
14728.995,1.34E-05
14730.238,1.34E-05
14731.106,5.39E-07
14734.973,5.39E-07
14739.721,2.26E+02
14740.064,7.70E-07
14740.309,2.26E+02
14746.057,7.70E-07
14755.427,1.16E+02
14755.751,1.16E+02
14762.331,1.37E-07
14764.344,1.37E-07
14769.467,3.94E-07
14772.176,2.82E+02
14772.59,2.82E+02
14773.132,3.94E-07
14781.94,5.72E-01
14783.396,5.72E-01
14783.486,6.57E+02
14783.987,6.57E+02
14798.271,2.26E-07
14799.149,2.26E-07
14799.24,5.97E+02
14799.456,9.45E-01
14800.423,5.97E+02
14801.611,5.86E-07
14802.315,9.45E-01
14803.066,5.86E-07
14805.702,3.07E+02
14805.877,3.07E+02
14832.902,1.37E+03
14833.285,1.37E+03
14864.397,5.68E+02
14864.397,5.68E+02
14877.795,8.33E-09
14878.854,8.33E-09
14880.917,2.06E-08
14882.603,2.06E-08
14885.823,1.02E+02
14886.508,1.02E+02
14887.579,1.76E+03
14887.819,1.76E+03
14908.278,1.96E+02
14909.776,1.96E+02
14911.456,1.02E-08
14913.889,1.02E-08
14918.342,2.77E-08
14922.583,2.77E-08
14931.795,6.40E+02
14931.971,6.40E+02
14938.015,3.18E-08
14939.279,1.09E-01
14941.108,1.09E-01
14942.498,3.18E-08
14955.393,1.74E-01
14958.764,1.74E-01
14964.145,2.47E-10
14965.402,2.47E-10
14967.068,5.78E-10
14969.003,5.78E-10
15006.255,2.72E+01
15007.219,2.72E+01
15025.143,4.86E+01
15026.969,4.86E+01
15052.85,5.19E+02
15052.882,5.19E+02
15055.541,4.75E+03
15055.559,4.75E+03
15057.493,5.85E-12
15058.968,5.85E-12
15060.237,1.31E-11
15062.439,1.31E-11
15063.975,1.53E+02
15064.021,1.53E+02
15068.938,1.65E+03
15068.998,1.65E+03
15074.487,6.51E-10
15077.389,6.51E-10
15082.237,5.73E+01
15082.272,5.73E+01
15088.211,5.18E+02
15088.341,5.18E+02
15107.382,1.90E+01
15107.382,1.90E+01
15109.236,1.74E-02
15111.48,1.74E-02
15113.615,1.39E+02
15113.835,1.39E+02
15124.161,2.71E-02
15128.094,2.71E-02
15133.8,5.44E+00
15135.056,5.44E+00
15139.188,5.16E+00
15139.245,5.16E+00
15145.333,3.07E+01
15145.663,3.07E+01
15149.909,9.19E+00
15152.079,9.19E+00
15158.032,1.09E-13
15159.742,1.09E-13
15177.623,1.12E+00
15177.759,1.12E+00
15183.501,5.56E+00
15183.961,5.56E+00
15187.009,1.05E+03
15187.271,1.05E+03
15222.696,1.90E-01
15222.927,1.90E-01
15228.234,8.15E-01
15228.844,8.15E-01
15240.788,3.52E+03
15241.12,3.52E+03
15268.779,8.26E-01
15270.341,8.26E-01
15274.46,2.56E-02
15274.805,2.56E-02
15279.643,9.64E-02
15280.42,9.64E-02
15282.7,1.33E+00
15285.229,1.33E+00
15287.747,1.30E+03
15287.831,1.30E+03
15292.583,2.35E-03
15295.289,2.35E-03
15306.497,3.56E-03
15311.049,3.56E-03
15332.1,3.65E+03
15332.705,3.65E+03
15333.004,2.71E-03
15333.481,2.71E-03
15337.839,9.18E-03
15338.807,9.18E-03
15372.754,2.75E-03
15373.217,2.75E-03
15374.758,1.84E-03
15375.367,1.84E-03
15376.192,3.43E-02
15376.688,1.75E-04
15376.737,3.43E-02
15377.05,1.75E-04
15377.927,1.20E-04
15378.498,1.20E-04
15379.202,2.24E-02
15379.83,2.24E-02
15386.914,3.39E-01
15387.521,3.39E-01
15388.084,8.95E-06
15388.334,8.95E-06
15388.733,6.22E-06
15389.253,6.22E-06
15391.265,2.14E-01
15391.89,2.14E-01
15395.258,9.73E+02
15395.411,9.73E+02
15398.44,2.28E-04
15399.07,2.28E-04
15402.95,7.02E-04
15404.127,7.02E-04
15404.829,2.64E+00
15405.474,2.64E+00
15407.045,3.67E-07
15407.177,3.67E-07
15407.23,2.59E-07
15407.69,2.59E-07
15410.998,1.61E+00
15411.503,9.60E-02
15411.596,1.61E+00
15413.386,9.60E-02
15423.676,1.49E-01
15426.582,1.49E-01
15429.836,1.61E+01
15430.49,1.61E+01
15431.701,2.34E+03
15432.612,2.34E+03
15433.498,8.64E-09
15433.68,1.21E-08
15433.699,1.21E-08
15433.897,8.64E-09
15438.511,9.38E+00
15439.052,9.38E+00
15461.807,7.67E+01
15462.443,7.67E+01
15467.635,2.34E-10
15467.985,2.34E-10
15470.904,1.51E-05
15471.703,1.51E-05
15473.985,4.20E+01
15474.439,4.20E+01
15475.113,4.32E-05
15476.519,4.32E-05
15490.187,2.68E-04
15493.407,2.68E-04
15500.571,2.81E+02
15501.157,2.81E+02
15503.24,3.97E-04
15508.475,3.97E-04
15509.559,5.06E+02
15509.979,5.06E+02
15517.706,1.43E+02
15518.039,1.43E+02
15539.711,1.08E+03
15540.945,1.08E+03
15545.89,7.76E+02
15546.393,7.76E+02
15550.548,8.01E-07
15551.532,8.01E-07
15554.483,2.14E-06
15556.135,2.14E-06
15562.279,8.59E-03
15564.5,8.59E-03
15570.07,3.60E+02
15570.249,3.60E+02
15573.037,1.30E-02
15576.342,1.30E-02
15597.439,1.55E+03
15597.823,1.55E+03
15630.972,1.92E+02
15631.56,6.40E+02
15631.563,6.40E+02
15631.677,1.92E+02
15637.545,3.40E-08
15638.729,3.40E-08
15641.234,8.57E-08
15643.143,8.57E-08
15654.833,1.93E+03
15655.074,1.93E+03
15656.178,3.74E+02
15657.749,3.74E+02
15702.447,7.00E+02
15702.631,7.00E+02
15703.027,2.59E-05
15706.824,2.59E-05
15715.348,3.78E-05
15721.341,3.78E-05
15721.418,5.97E-04
15723.996,5.97E-04
15731.017,8.81E-04
15732.088,1.15E-09
15733.479,1.15E-09
15734.74,8.81E-04
15735.556,2.77E-09
15737.729,2.77E-09
15759.826,5.45E+01
15760.83,5.45E+01
15781.163,9.85E+01
15783.09,9.85E+01
15830.316,5.57E+02
15830.354,5.57E+02
15833.263,5.14E+03
15833.282,5.14E+03
15834.39,3.16E-11
15835.988,3.16E-11
15837.662,7.28E-11
15840.095,7.28E-11
15842.477,1.67E+02
15842.53,1.67E+02
15848.027,1.83E+03
15848.095,1.83E+03
15862.467,6.39E+01
15862.511,6.39E+01
15869.235,5.94E+02
15869.379,5.94E+02
15889.24,3.23E-05
15890.031,2.20E+01
15890.036,2.20E+01
15892.197,3.23E-05
15896.477,1.17E+01
15897.165,1.66E+02
15897.411,1.66E+02
15897.794,1.17E+01
15897.877,4.68E-05
15902.043,4.68E-05
15914.772,2.00E+01
15917.072,2.00E+01
15924.941,6.27E+00
15925,6.27E+00
15932.025,3.88E+01
15932.216,2.15E-06
15932.396,3.88E+01
15936.656,2.15E-06
15943.911,3.09E-06
15944.686,7.05E-13
15946.481,7.05E-13
15950.745,3.09E-06
15967.159,1.44E+00
15967.305,1.44E+00
15972.455,1.14E+03
15972.738,1.14E+03
15973.978,7.47E+00
15974.496,7.47E+00
16016.703,2.65E-01
16016.955,2.65E-01
16023.161,1.18E+00
16023.849,1.18E+00
16030.661,3.81E+03
16031.002,3.81E+03
16041.272,1.94E+00
16042.92,1.94E+00
16057.155,3.15E+00
16059.85,3.15E+00
16066.085,1.37E-06
16069.442,1.37E-06
16073.641,3.88E-02
16073.914,1.96E-06
16074.019,3.88E-02
16078.548,1.96E-06
16079.701,1.43E+03
16079.71,1.51E-01
16079.805,1.43E+03
16080.588,1.51E-01
16128.294,4.03E+03
16128.923,4.03E+03
16138.078,4.52E-03
16138.604,4.52E-03
16143.764,1.58E-02
16144.854,1.58E-02
16179.01,1.54E-07
16184.176,1.54E-07
16194.544,1.10E+03
16194.561,2.47E-01
16194.687,1.10E+03
16196.559,2.47E-01
16208.505,3.88E-01
16210.154,4.21E-04
16210.846,4.21E-04
16211.619,3.88E-01
16215.477,1.34E-03
16216.8,1.34E-03
16220.815,4.77E-03
16221.052,5.33E-02
16221.19,4.77E-03
16221.522,5.33E-02
16222.822,3.17E-03
16223.41,3.17E-03
16224.185,3.46E-02
16224.804,3.46E-02
16228.825,3.42E-04
16229.085,3.42E-04
16229.41,4.77E-01
16229.955,4.77E-01
16229.973,2.33E-04
16230.508,2.33E-04
16234.043,3.00E-01
16234.669,3.00E-01
16234.899,2.68E+03
16235.854,2.68E+03
16245.213,1.99E-05
16245.341,1.99E-05
16245.694,1.38E-05
16245.772,3.41E+00
16246.157,1.38E-05
16246.367,3.41E+00
16252.31,4.58E-08
16252.431,2.06E+00
16253.038,2.06E+00
16256.09,4.58E-08
16259.452,6.46E-08
16264.579,6.46E-08
16270.01,1.92E+01
16270.084,6.56E-07
16270.107,9.35E-07
16270.127,9.35E-07
16270.458,6.56E-07
16270.627,1.92E+01
16279.449,1.11E+01
16280.005,1.11E+01
16290.032,3.14E-05
16290.907,3.14E-05
16295.018,9.22E-05
16296.594,9.22E-05
16301.973,8.53E+01
16302.584,8.53E+01
16303.272,2.54E-08
16303.544,2.54E-08
16303.556,3.58E-08
16303.732,3.58E-08
16315.279,4.63E+01
16315.752,4.63E+01
16316.949,5.98E+02
16317.374,5.98E+02
16341.47,2.94E+02
16342.041,2.94E+02
16345.421,8.04E-10
16345.58,8.04E-10
16350.65,1.29E+03
16351.954,1.29E+03
16356.689,2.46E-02
16359.061,2.46E-02
16360.209,1.48E+02
16360.562,1.48E+02
16369.06,3.74E-02
16372.618,3.74E-02
16377.9,1.89E-06
16378.975,1.89E-06
16382.578,5.17E-06
16384.422,5.17E-06
16388.244,7.73E+02
16388.74,7.73E+02
16414.641,3.55E+02
16414.834,3.55E+02
16441.965,1.48E+03
16442.346,1.48E+03
16447.252,2.39E+02
16447.98,2.39E+02
16448.293,1.21E-09
16452.521,1.21E-09
16454.85,1.70E-09
16460.496,1.70E-09
16473.971,9.15E-08
16475.254,9.15E-08
16475.648,4.70E+02
16477.318,4.70E+02
16478.369,2.36E-07
16479.059,6.08E+02
16479.064,6.08E+02
16480.492,2.36E-07
16502.244,1.80E+03
16502.486,1.80E+03
16528.018,1.91E-03
16530.783,1.91E-03
16539.092,2.84E-03
16543.121,2.84E-03
16553.723,6.47E+02
16553.906,6.47E+02
16578.479,3.59E-09
16579.979,3.59E-09
16582.629,8.83E-09
16585.033,8.83E-09
16585.797,7.24E+01
16586.848,7.24E+01
16609.994,1.33E+02
16612.053,1.33E+02
16654.445,2.56E-11
16659.148,2.56E-11
16689.178,5.06E+02
16689.225,5.06E+02
16691.691,1.15E-10
16692.369,4.70E+03
16692.391,4.70E+03
16693.398,1.15E-10
16695.619,2.70E-10
16698.295,2.70E-10
16702.604,1.53E+02
16702.674,1.53E+02
16708.813,1.71E+03
16708.891,1.71E+03
16708.92,1.17E-04
16712.098,1.17E-04
16718.914,1.70E-04
16723.436,1.70E-04
16724.707,6.01E+01
16724.771,6.01E+01
16732.396,5.76E+02
16732.563,5.76E+02
16732.965,1.68E+01
16734.354,1.68E+01
16753.832,2.89E+01
16755.234,2.15E+01
16755.256,2.15E+01
16756.299,2.89E+01
16763.43,1.68E+02
16763.715,1.68E+02
16793.959,6.43E+00
16794.01,6.43E+00
16802.152,4.13E+01
16802.584,4.13E+01
16813.895,3.01E-12
16815.795,3.01E-12
16840.326,1.04E+03
16840.637,1.04E+03
16840.816,1.57E+00
16840.965,1.57E+00
16848.758,8.47E+00
16849.357,8.47E+00
16889.145,3.01E+00
16890.891,3.01E+00
16895.85,3.10E-01
16896.121,3.10E-01
16899.787,5.67E-06
16903.396,5.67E-06
16903.418,1.43E+00
16903.502,3.48E+03
16903.857,3.48E+03
16904.211,1.43E+00
16907.35,4.94E+00
16908.877,8.12E-06
16910.25,4.94E+00
16913.912,8.12E-06
16955.012,1.33E+03
16955.145,1.33E+03
16959.148,4.93E-02
16959.563,4.93E-02
16966.301,2.00E-01
16967.307,2.00E-01
17008.426,3.77E+03
17009.088,3.77E+03
17030.85,6.31E-03
17031.428,6.31E-03
17037.586,2.28E-02
17038.824,2.28E-02
17054.732,4.22E-01
17056.857,4.22E-01
17070.789,6.68E-01
17074.146,6.68E-01
17078.309,1.05E+03
17078.43,1.05E+03
17101.043,2.19E-07
17105.098,2.19E-07
17109.369,3.10E-07
17111.123,6.51E-04
17111.889,6.51E-04
17114.928,3.10E-07
17117.465,2.14E-03
17118.959,2.14E-03
17123.152,2.59E+03
17124.166,2.59E+03
17170.145,7.31E-02
17170.482,7.31E-02
17173.426,4.71E-02
17174.057,4.71E-02
17174.594,7.26E-03
17174.783,7.26E-03
17174.898,5.94E-01
17175.355,5.94E-01
17176.611,4.81E-03
17177.195,4.81E-03
17179.863,3.70E-01
17180.51,3.70E-01
17188.424,5.86E-04
17188.43,5.86E-04
17188.695,3.87E+00
17189.234,3.87E+00
17189.473,3.97E-04
17189.982,3.97E-04
17195.928,2.32E+00
17196.559,2.32E+00
17200.182,5.45E-05
17201.154,5.45E-05
17206.154,1.65E-04
17207.928,1.65E-04
17210.109,5.97E+02
17210.529,5.97E+02
17211.371,2.02E+01
17211.611,3.85E-05
17211.82,3.85E-05
17211.957,2.02E+01
17212.119,2.65E-05
17212.529,2.65E-05
17221.701,1.16E+01
17222.281,1.16E+01
17230.131,4.66E-02
17232.656,4.66E-02
17242.74,8.38E+01
17243.338,8.38E+01
17244.432,7.14E-02
17244.547,2.07E-06
17244.709,1.45E-06
17244.99,1.45E-06
17245,2.07E-06
17247.926,1.30E+03
17248.275,7.14E-02
17249.32,1.30E+03
17257.359,4.51E+01
17257.854,4.51E+01
17282.584,2.73E+02
17283.152,2.73E+02
17287.443,6.46E-08
17287.48,9.11E-08
17287.576,6.46E-08
17288.207,9.11E-08
17298.264,3.70E-06
17299.465,3.70E-06
17303.188,1.36E+02
17303.553,1.36E+02
17303.9,1.05E-05
17305.973,1.05E-05
17313.143,6.75E-09
17317.645,6.75E-09
17320.82,9.46E-09
17326.904,9.46E-09
17330.621,6.83E+02
17331.117,6.83E+02
17340.535,2.37E-09
17340.574,2.37E-09
17350.779,2.52E+02
17351.525,2.52E+02
17359.586,3.11E+02
17359.787,3.11E+02
17382.906,5.00E+02
17384.705,5.00E+02
17386.504,1.26E+03
17386.887,1.26E+03
17405.643,2.06E-07
17407.092,2.06E-07
17410.977,5.45E-07
17413.369,5.45E-07
17415.758,4.07E-03
17418.705,4.07E-03
17427.043,5.13E+02
17427.047,5.13E+02
17428.611,6.08E-03
17432.965,6.08E-03
17449.846,1.48E+03
17450.088,1.48E+03
17500.682,8.10E+01
17501.775,8.10E+01
17505.801,5.32E+02
17505.994,5.32E+02
17522.625,9.31E-09
17524.348,9.31E-09
17527.686,2.35E-08
17528.254,1.49E+02
17530.422,2.35E-08
17530.475,1.49E+02
17536.572,1.68E-10
17541.514,1.68E-10
17612.055,2.82E-04
17615.443,2.82E-04
17623.699,4.13E-04
17628.59,4.13E-04
17649.559,3.48E-10
17649.828,4.10E+02
17649.879,4.10E+02
17651.572,3.48E-10
17653.211,3.82E+03
17653.234,3.82E+03
17654.375,8.36E-10
17657.477,8.36E-10
17660.234,2.02E+01
17661.695,2.02E+01
17664.84,1.25E+02
17664.922,1.25E+02
17671.77,1.43E+03
17671.854,1.43E+03
17684.16,3.51E+01
17686.826,3.51E+01
17689.598,5.03E+01
17689.674,5.03E+01
17698.352,4.97E+02
17698.533,4.97E+02
17723.844,1.86E+01
17723.877,1.86E+01
17733.299,1.51E+02
17733.611,1.51E+02
17767.359,5.86E+00
17767.402,5.86E+00
17776.891,3.92E+01
17777.369,3.92E+01
17786.824,1.07E-11
17789.154,1.07E-11
17811.307,8.42E+02
17811.643,8.42E+02
17819.49,1.57E-05
17820.064,1.52E+00
17820.215,1.52E+00
17823.338,1.57E-05
17829.367,8.55E+00
17829.881,3.95E+00
17830.041,8.55E+00
17830.121,2.25E-05
17831.729,3.95E+00
17835.564,2.25E-05
17850.875,6.54E+00
17854.008,6.54E+00
17880.117,2.84E+03
17880.48,2.84E+03
17882.037,3.23E-01
17882.318,3.23E-01
17890.943,1.55E+00
17891.84,1.55E+00
17934.666,1.10E+03
17934.822,1.10E+03
17953.391,5.57E-02
17953.83,5.57E-02
17961.832,2.35E-01
17962.982,2.35E-01
17993.619,3.15E+03
17994.305,3.15E+03
18010.078,6.08E-01
18012.336,6.08E-01
18028.693,9.69E-01
18032.322,9.69E-01
18034.307,7.83E-03
18034.93,7.83E-03
18038.57,6.98E-07
18042.266,2.95E-02
18042.885,6.98E-07
18043.703,2.95E-02
18048.346,9.92E-07
18054.348,9.92E-07
18067.883,9.02E+02
18067.986,9.02E+02
18117.965,2.24E+03
18119.023,2.24E+03
18125.01,8.99E-04
18125.844,8.99E-04
18132.496,3.07E-03
18134.252,3.07E-03
18201.305,7.45E-02
18204,7.45E-02
18210.805,5.32E+02
18211.223,5.32E+02
18217.973,1.15E-01
18222.125,1.15E-01
18225.775,8.42E-05
18226.846,8.42E-05
18232.811,2.64E-04
18234.92,2.64E-04
18253.479,1.17E+03
18253.697,6.57E-01
18254.02,6.57E-01
18254.455,8.88E-02
18254.617,8.88E-02
18254.949,1.17E+03
18257.779,5.70E-02
18258.393,5.70E-02
18258.934,4.08E-01
18259.578,4.08E-01
18263.354,3.95E+00
18263.799,3.95E+00
18265.816,9.78E-03
18265.855,9.78E-03
18267.734,6.45E-03
18268.281,6.45E-03
18269.844,2.52E-08
18271.158,2.35E+00
18271.803,2.35E+00
18274.621,2.52E-08
18278.893,3.54E-08
18283.209,1.91E+01
18283.73,1.91E+01
18285.451,3.54E-08
18287.861,8.81E-04
18288.143,8.81E-04
18288.91,5.94E-04
18289.357,5.94E-04
18294.506,1.08E+01
18295.107,1.08E+01
18313.029,7.42E+01
18313.586,7.42E+01
18321.023,6.52E-05
18321.49,4.48E-05
18321.584,6.52E-05
18321.807,4.48E-05
18329.131,3.96E+01
18329.648,3.96E+01
18336.918,6.48E-06
18338.258,6.48E-06
18343.527,1.89E-05
18346.033,1.89E-05
18352.553,2.28E+02
18353.096,2.28E+02
18363.832,2.37E+02
18364.596,2.37E+02
18365.611,3.97E-06
18365.713,2.78E-06
18365.871,2.78E-06
18366.492,3.97E-06
18375.309,1.13E+02
18375.697,1.13E+02
18400.404,4.76E+02
18401.465,5.45E+02
18401.949,5.45E+02
18402.314,4.76E+02
18404.064,7.29E-03
18407.225,7.29E-03
18419.121,1.10E-02
18421.855,1.42E-07
18421.887,1.42E-07
18421.977,2.00E-07
18423.217,2.00E-07
18423.834,1.10E-02
18433.438,2.47E+02
18433.654,2.47E+02
18458.805,4.11E-07
18459.395,9.70E+02
18459.773,9.70E+02
18460.445,4.11E-07
18465.014,1.12E-06
18467.955,1.12E-06
18490.131,5.98E-09
18490.375,5.98E-09
18503.998,3.92E+02
18504.012,3.92E+02
18513.906,7.37E-10
18519.129,7.37E-10
18525.947,1.11E+03
18526.188,1.11E+03
18527.355,8.12E+01
18528.49,8.12E+01
18558.971,1.51E+02
18561.348,1.51E+02
18587.232,3.97E+02
18587.426,3.97E+02
18591.846,2.15E-08
18593.822,2.15E-08
18597.682,5.57E-08
18601.104,5.57E-08
18618.891,5.73E-04
18622.551,5.73E-04
18632.605,8.44E-04
18637.916,8.44E-04
18701.848,2.18E+01
18703.377,2.18E+01
18729.445,3.83E+01
18732.32,3.83E+01
18736.512,9.38E-10
18738.859,9.38E-10
18741.086,3.01E+02
18741.148,3.01E+02
18741.994,2.31E-09
18744.527,2.83E+03
18744.553,2.83E+03
18745.947,2.31E-09
18758.145,9.33E+01
18758.244,9.33E+01
18765.836,1.08E+03
18765.928,1.08E+03
18786.326,3.83E+01
18786.422,3.83E+01
18796.309,3.90E+02
18796.514,3.90E+02
18825.373,1.47E+01
18825.426,1.47E+01
18836.342,1.24E+02
18836.699,1.24E+02
18846.365,3.64E-05
18850.563,3.64E-05
18858.949,5.27E-05
18864.898,5.27E-05
18875.094,4.85E+00
18875.125,4.85E+00
18886.271,3.39E+01
18886.82,3.39E+01
18887.822,4.64E+00
18889.773,4.64E+00
18893.328,3.41E-11
18896.086,3.41E-11
18912.152,7.76E+00
18914.65,6.24E+02
18915.016,6.24E+02
18915.559,7.76E+00
18935.385,1.34E+00
18935.535,1.34E+00
18946.395,7.86E+00
18947.176,7.86E+00
18989.895,2.11E+03
18990.268,2.11E+03
19006.375,3.05E-01
19006.674,3.05E-01
19016.994,1.54E+00
19018.039,1.54E+00
19048.342,8.32E+02
19048.527,8.32E+02
19085.828,7.86E-01
19087.117,1.88E-06
19088.227,5.73E-02
19088.229,7.86E-01
19088.707,5.73E-02
19091.891,1.88E-06
19098.354,2.52E-01
19098.742,2.68E-06
19099.701,2.52E-01
19105.379,2.68E-06
19107.477,1.26E+00
19111.457,1.26E+00
19113.729,2.40E+03
19114.441,2.40E+03
19181.186,8.84E-03
19181.877,8.84E-03
19190.781,3.47E-02
19192.471,3.47E-02
19193.496,7.04E+02
19193.578,7.04E+02
19249.748,1.77E+03
19250.865,1.77E+03
19285.553,1.13E-03
19286.486,1.13E-03
19294.617,3.99E-03
19296.445,1.07E-01
19296.691,3.99E-03
19299.33,1.07E-01
19315.875,1.67E-01
19320.477,1.67E-01
19341.83,7.91E-08
19347.229,7.91E-08
19349.914,4.34E+02
19350.324,4.34E+02
19352.639,1.12E-07
19360.014,1.12E-07
19398.393,9.69E+02
19399.959,9.69E+02
19401.697,1.18E-04
19402.904,1.18E-04
19410.244,3.85E-04
19412.748,3.85E-04
19510.416,6.42E-01
19510.525,6.42E-01
19513.41,3.55E+00
19513.697,3.55E+00
19515.791,3.95E-01
19516.451,3.95E-01
19518.051,2.04E+02
19518.828,2.04E+02
19519.619,9.47E-02
19519.742,9.47E-02
19520.297,1.18E-02
19521.752,2.10E+00
19522.439,2.10E+00
19522.889,6.04E-02
19523.469,6.04E-02
19523.703,1.18E-02
19528.408,1.60E+01
19528.822,1.60E+01
19530.045,1.03E-05
19531.564,1.03E-05
19537.871,1.78E-02
19538.1,3.11E-05
19540.758,9.03E+00
19541.082,3.11E-05
19541.311,1.15E-02
19541.424,9.03E+00
19541.719,1.15E-02
19543.145,1.78E-02
19543.166,7.53E-03
19543.621,7.53E-03
19555.104,5.84E+01
19555.59,5.84E+01
19560.004,4.14E+02
19562.061,4.14E+02
19572.924,3.10E+01
19573.514,3.10E+01
19575.971,1.15E-03
19576.717,1.15E-03
19576.848,7.70E-04
19577.129,7.70E-04
19593.17,1.70E+02
19593.67,1.70E+02
19611.264,2.73E-09
19617.342,2.73E-09
19618.494,8.38E+01
19618.953,8.38E+01
19624.016,9.43E-05
19624.248,6.47E-05
19624.307,6.47E-05
19625.156,9.43E-05
19642.236,3.89E+02
19642.697,3.89E+02
19671.09,7.48E-07
19672.957,7.48E-07
19677.859,1.75E+02
19678.137,1.75E+02
19678.676,2.11E-06
19682.188,2.11E-06
19685.564,4.48E-06
19685.775,4.48E-06
19685.93,6.43E-06
19687.521,6.43E-06
19698.348,7.46E+01
19699.527,7.46E+01
19701.898,6.68E+02
19702.268,6.68E+02
19734.92,1.41E+02
19737.5,1.41E+02
19751.486,2.69E+02
19751.543,2.69E+02
19758.057,1.05E-03
19761.4,2.57E-07
19761.934,2.57E-07
19762.033,1.05E-03
19762.268,3.63E-07
19764.367,3.63E-07
19771.744,7.44E+02
19771.98,7.44E+02
19774.061,1.55E-03
19780.072,1.55E-03
19825.389,4.54E-08
19827.643,4.54E-08
19832.527,1.21E-07
19836.633,1.21E-07
19839.643,2.67E+02
19839.814,2.67E+02
19852.42,1.21E-08
19853.322,1.21E-08
19891.355,2.16E+01
19892.967,2.16E+01
19923.512,3.84E+01
19926.654,3.84E+01
19993.576,2.31E-09
19996.264,2.31E-09
20000.291,5.86E-09
20004.971,2.00E+02
20005.049,5.86E-09
20005.059,2.00E+02
20008.148,1.89E+03
20008.178,1.89E+03
20010.463,7.62E-05
20015.061,7.62E-05
20024.758,6.28E+01
20024.902,6.28E+01
20025.125,1.11E-04
20031.943,1.11E-04
20033.158,7.39E+02
20033.264,7.39E+02
20057.506,2.64E+01
20057.664,2.64E+01
20068.877,2.76E+02
20069.113,2.76E+02
20097.691,5.01E+00
20099.766,5.01E+00
20102.977,1.05E+01
20103.096,1.05E+01
20115.766,9.18E+01
20116.184,9.18E+01
20126.219,8.46E+00
20129.967,8.46E+00
20161.023,3.63E+00
20161.053,3.63E+00
20174.24,2.65E+01
20174.889,2.65E+01
20176.369,9.90E-11
20179.535,9.90E-11
20193.02,4.19E+02
20193.434,4.19E+02
20231.529,1.06E+00
20231.635,1.06E+00
20244.691,6.54E+00
20245.613,6.54E+00
20275.646,1.42E+03
20276.033,1.42E+03
20278.326,4.55E-06
20283.607,4.55E-06
20291.826,6.52E-06
20299.533,6.52E-06
20314.654,2.61E-01
20314.938,2.61E-01
20318.027,9.35E-01
20320.6,9.35E-01
20327.49,1.38E+00
20328.736,1.38E+00
20339.371,5.71E+02
20339.623,5.71E+02
20343.553,1.52E+00
20347.959,1.52E+00
20410.674,5.33E-02
20411.176,5.33E-02
20412.305,1.66E+03
20413.055,1.66E+03
20423.037,2.45E-01
20424.652,2.45E-01
20499.357,5.01E+02
20499.371,5.01E+02
20519.928,9.05E-03
20520.693,9.05E-03
20531.76,3.71E-02
20533.795,3.71E-02
20553.09,1.42E-01
20556.199,1.42E-01
20562.545,2.24E-07
20562.953,1.27E+03
20564.143,1.27E+03
20568.582,2.24E-07
20575.025,3.17E-07
20576.113,2.22E-01
20581.236,2.22E-01
20583.719,3.17E-07
20642.854,1.28E-03
20643.93,1.28E-03
20654.143,4.74E-03
20656.654,4.74E-03
20672.668,3.23E+02
20673.021,3.23E+02
20728.17,7.30E+02
20729.859,7.30E+02
20779.975,1.42E-04
20781.41,1.42E-04
20790.736,5.12E-04
20793.783,5.12E-04
20803.672,1.75E-02
20807.363,1.75E-02
20824.588,2.67E-02
20830.494,2.67E-02
20859.871,1.60E+02
20860.621,1.60E+02
20864.117,9.15E-09
20870.996,9.15E-09
20908.451,3.30E+02
20910.686,3.30E+02
20931.908,1.50E-05
20933.758,1.50E-05
20942.168,4.69E-05
20945.818,4.69E-05
21005.459,2.71E+00
21005.486,2.71E+00
21012.189,1.15E+01
21012.408,1.15E+01
21013.107,5.24E-01
21013.332,5.24E-01
21014.445,1.60E+00
21015.213,1.60E+00
21018.832,3.23E-01
21019.537,3.23E-01
21025.848,6.45E+00
21026.615,6.45E+00
21033.09,3.96E+01
21033.438,3.96E+01
21035.725,8.33E-02
21036.258,8.33E-02
21039.123,5.30E-02
21039.709,5.30E-02
21053.072,2.09E+01
21053.775,2.09E+01
21061.498,6.29E+01
21062.689,6.29E+01
21067.729,1.10E+02
21068.141,1.10E+02
21070.635,1.77E-03
21073.83,1.09E-02
21074.732,1.09E-02
21074.965,1.77E-03
21075.572,7.15E-03
21075.982,7.15E-03
21089.76,2.64E-03
21096.316,5.41E+01
21096.527,2.64E-03
21096.889,5.41E+01
21099.367,1.25E-06
21101.688,1.25E-06
21104.275,1.20E+02
21107.104,1.20E+02
21109.16,3.65E-06
21113.484,3.65E-06
21115.652,2.42E+02
21116.061,2.42E+02
21127.977,1.17E-03
21128.563,7.90E-04
21128.744,7.90E-04
21129.305,1.17E-03
21155.926,1.09E+02
21156.307,1.09E+02
21176.387,4.03E+02
21176.727,4.03E+02
21198.496,7.16E-05
21198.598,7.16E-05
21198.791,1.04E-04
21200.602,1.04E-04
21232.354,1.63E+02
21232.494,1.63E+02
21249.48,4.39E+02
21249.705,4.39E+02
21278.219,1.97E+01
21279.893,1.97E+01
21283.17,8.78E-08
21285.869,5.30E-06
21286.029,8.78E-08
21286.307,5.30E-06
21286.988,7.56E-06
21289.342,7.56E-06
21292.531,2.41E-07
21297.613,2.41E-07
21316.18,3.54E+01
21319.652,3.54E+01
21325.914,1.58E+02
21326.033,1.58E+02
21354.938,1.48E-04
21359.967,1.48E-04
21372.52,2.17E-04
21380.238,2.17E-04
21391.623,3.18E-07
21392.447,3.18E-07
21393.391,4.45E-07
21396.342,4.45E-07
21484.258,5.24E-09
21487.73,5.24E-09
21493.223,1.37E-08
21499.154,1.37E-08
21504.98,1.18E+02
21505.109,1.18E+02
21507.291,1.12E+03
21507.326,1.12E+03
21510.805,4.99E+00
21513.006,4.99E+00
21516.65,1.52E-08
21517.912,1.52E-08
21528.553,3.75E+01
21528.773,3.75E+01
21537.459,4.49E+02
21537.586,4.49E+02
21544.777,8.52E+00
21548.949,8.52E+00
21567.65,1.61E+01
21567.908,1.61E+01
21580.498,1.74E+02
21580.787,1.74E+02
21622.066,6.62E+00
21622.295,6.62E+00
21636.973,6.04E+01
21637.486,6.04E+01
21657.635,1.03E-05
21663.438,1.03E-05
21673.873,1.48E-05
21682.646,1.48E-05
21691.699,2.41E+00
21691.834,2.41E+00
21703.711,2.66E-10
21707.426,1.84E+01
21707.875,2.66E-10
21708.227,1.84E+01
21710.932,2.51E+02
21711.408,2.51E+02
21760.121,1.03E+00
21762.9,1.03E+00
21776.592,7.52E-01
21776.611,7.52E-01
21790.783,1.69E+00
21792.385,4.85E+00
21793.531,4.85E+00
21795.719,1.69E+00
21802.111,8.56E+02
21802.514,8.56E+02
21873.348,3.51E+02
21873.689,3.51E+02
21876.799,1.99E-01
21877.027,1.99E-01
21892.383,1.10E+00
21893.936,1.10E+00
21955.24,1.03E+03
21956.035,1.03E+03
21979.91,5.93E-07
21986.57,5.93E-07
21992.83,4.42E-02
21993.324,4.42E-02
21994.961,8.42E-07
22004.91,8.42E-07
22007.996,2.13E-01
22010.01,2.13E-01
22027.121,1.75E-01
22030.539,1.75E-01
22052.32,3.20E+02
22052.412,3.20E+02
22055.023,2.76E-01
22060.797,2.76E-01
22124.875,8.20E+02
22125.205,8.26E-03
22126.018,8.26E-03
22126.16,8.20E+02
22139.852,3.54E-02
22142.387,3.54E-02
22247.682,2.17E+02
22247.936,2.17E+02
22274.561,1.30E-03
22275.75,1.30E-03
22288.656,5.03E-03
22291.779,5.03E-03
22311.799,4.96E+02
22312.867,2.43E-02
22313.65,4.96E+02
22316.988,2.43E-02
22323.08,2.87E-08
22330.701,2.87E-08
22338.455,3.73E-02
22345.152,3.73E-02
22441.668,1.73E-04
22443.291,1.73E-04
22455.221,6.10E-04
22458.996,6.10E-04
22459.926,1.14E+02
22460.602,1.14E+02
22516.727,2.39E+02
22519.211,2.39E+02
22618.535,2.81E-03
22623.441,2.81E-03
22627.418,1.95E-05
22629.539,1.95E-05
22640.459,6.35E-05
22642.17,4.22E-03
22644.961,6.35E-05
22649.895,4.22E-03
22689.822,4.81E+01
22690.982,4.81E+01
22740.375,9.32E+01
22743.555,9.32E+01
22832.852,1.87E-06
22835.537,1.87E-06
22845.42,5.66E-06
22850.73,5.66E-06
22938.246,1.64E+01
22939.947,1.64E+01
22945.449,2.71E-04
22951.232,2.71E-04
22967.426,3.98E-04
22976.295,3.98E-04
22983.535,2.98E+01
22987.475,2.98E+01
23059.154,1.53E-07
23062.48,1.53E-07
23071.301,4.34E-07
23077.504,4.34E-07
23206.219,4.56E+00
23208.521,4.56E+00
23247.104,7.87E+00
23251.873,7.87E+00
23295.094,2.19E-05
23301.865,2.19E-05
23307.689,1.07E-08
23311.736,1.07E-08
23315.654,3.17E-05
23319.463,2.87E-08
23325.809,3.17E-05
23326.656,2.87E-08
23494.91,1.04E+00
23497.879,1.04E+00
23532.115,1.73E+00
23537.791,1.73E+00
23580.016,6.46E-10
23584.869,6.46E-10
23669.15,1.49E-06
23677.039,1.49E-06
23688.494,2.13E-06
23700.094,2.13E-06
23805.635,1.98E-01
23809.344,1.98E-01
23839.762,3.17E-01
23846.436,3.17E-01
24069.531,8.62E-08
24078.689,8.62E-08
24139.867,3.13E-02
24144.396,3.13E-02
24171.414,4.87E-02
24179.184,4.87E-02
24499.26,4.16E-03
24504.705,4.16E-03
24528.643,6.31E-03
24537.625,6.31E-03
24885.682,4.66E-04
24892.15,4.66E-04
24913.246,6.92E-04
24923.572,6.92E-04
25301.242,4.43E-05
25308.863,4.43E-05
25327.279,6.46E-05
25339.107,6.46E-05
25748.34,3.59E-06
25757.262,3.59E-06
25773.098,5.15E-06
25786.607,5.15E-06
26229.707,2.49E-07
26240.104,2.49E-07